00076b564714eda7841ca4c1620462ee9bc80656.png,
001de9f084a2026547a700585602356bc46601a4.png,
004b8df373bd25b353e58525c4e3b63459fc6863.png,
00735440ac8523b0c68e09a58938beb83963e2b5.png,
00a46d8599875f8f5539ae7f6f7476b1722ff54f.png,
00cdc760bbd3ff674736e34abd383ef26a177186.png,
00da5e83d6e431614fb887e2e87dd282f457f723.png,
0127571f15048e39bab74385a37b963184b61c21.png,
014c7981c39df7040f60e15b96568d18e6eb0792.png,
014fc2990a53a947a5bcd853139fa4835dd90344.png,
015b5a3481bca1e1e93f5f850ec1cd50253b43f6.png,
0162d0c0138308672ceefa5a230d54a3f3d59a3a.png,
016890ca142d4243225f185dd383fe97d6c2f76c.png,
019112887af56ee4969ed475c59181252a82f016.png,
01983c3b978a81d75981d951b6372845f5293bd5.png,
01fa8c5407b9307b49d044a133305d714f6e4ec0.png,
024dfd57d56be612bc029367d625acf2772155a4.png,
0265566052ed398582401a78654d323e31587d08.png,
02736a8bf0c740b784a34b7f610e78e4d0e77aea.png,
02acbee455229fddbe8f9ec9b6dce4aa5826f158.png,
02cc33b3204e682ab4fc0c5f19ed753df4b99fac.png,
02d4b0728cca1bbe9b4fa99f046b5cb60f75cafc.png,
02df3dc0901b960260bcaa5e2a6b6dceb3f320fc.png,
02df7deb55873947558a21e13f5fce54efcb574a.png,
032dfc6359d682e0755b478f1638e7d827984696.png,
035c9873786a55326d24308575131a57dd785eb3.png,
03603b6ab1f227f2d4ce6c4353329eea1ccdab98.png,
037a52ce3587c9b2b7d750df07fe03e683d54b5b.png,
0385e7527e26e082ca696114fd63d0c86637c4a3.png,
03c695675727a7316f3296a06836d9d68c4197a0.png,
03de5b5ce8039b7091655d4019ce0ce015d17714.png,
03eaf98c8155a16a9ac358cf223462dd2e4d07b0.png,
03f9899d61f428b8b090cecce99989a3c633c650.png,
04051dc07e64c07e519c7d2b54b7f6e33db2d48a.png,
0412a90d8bfefec07c835e691ec9a121d5af3d44.png,
04656df949bde25a3bbdb2ec1e4b68a9dcab773a.png,
0475b6df97e1a71b000b24a79435e559521bbcf0.png,
047f56d084bd883f49b3eb15c923b2480510a9db.png,
04b5abe6030d0bb4b84b1992b290061bc1aa59a4.png,
04ecad2a58e2e7d0e372c108b335915c28a18efa.png,
050a969083b22904416bb889fa948c66c3974924.png,
051f69cb9d3196aee113e7f8ffb47421fab6d86a.png,
053f383167fa94fea365f027a182f56a2237e4b7.png,
054510f4dc02b156b561da105ba17c21599ef560.png,
054eef19d11d6f78cc865f231e7258fec044deb8.png,
05711eb55d79c0b390b5568eac8a387ae6a6fc52.png,
058d4c25855c261f207fe71edbab97d2fe07ff06.png,
05aecfd2573f1e853c962e127e5933f026e9617c.png,
05c94ea4c699c16c304f419539d5e454d37061ef.png,
05d2bbeb0e378c463434478b2636833f1fc5f1e8.png,
060403c7b1ca2e2066283b0d9692be8b8247532a.png,
060a4e44d0913b2fae36c5447a0dc0776d7b854e.png,
0647eb8c625a405ff7b6586ea5ab6a03f7cee3b0.png,
0659ded5fbc34f24d1631d857baea6ff2cffed30.png,
066e4f153b5a59a6df33e9d4f66244d4093167ad.png,
0679b18b053b269a7fe7ce87252d5b0f74b136a4.png,
068f33d6519eb22c7b011f28c2054d342249851b.png,
069b01b25a8f2e9b96ffe6f58d9464f8b6baf54a.png,
06eedf6ef9e2d7c039de655512f36477fe6baa95.png,
06f6fc481f5207e9dc1f0948e89791481aff7cef.png,
0752e9bdcea250e0fa33a51f5bfc0392e1e30d9f.png,
075f40471d1507ecf503e38a01f6f07ee2cd2932.png,
0771050f272f5d6ed33ef16c4f189c445b8897ea.png,
0774dac85529076470f33e9df1ba52e80410031f.png,
07bb5a034e6ca2a12bfd095b3e44d0605627d537.png,
086df9b64e15da68ecd1499f78729744cc7bb517.png,
0888e7e38301c36241828bb313974ec7a8ea26ae.png,
0896eba79ae3132bdca3eec5ab090073fe2cf805.png,
089da618b7d23552ad5bd634b1542ac8c39af816.png,
08d109b320e9235dbb900b523ea68c9c0a365b2c.png,
08d31f69ba0fe4f82080521c6a18256d447fab4f.png,
08e4c83059c15292508a03df05e56e8cbd82647a.png,
08e734f3eabf327abc9e2b2d2e4f03f339848563.png,
0905abb588af6520e03d22ea666b1675c89adb46.png,
090ae60b22b721fc5d978a31ee69d7c26bb5d64f.png,
090cef2f4711fc450dbe142ca38a971b655fbba7.png,
091aa0f3e60c89963b2e48b7c25e8596b7a378cb.png,
094a5fbc4114ca59e8263de3a8765ba0059106cb.png,
0969ed8434471d94e81859ec3343611ff4fcf7a7.png,
099ca93d1ccec18da28b5ea0dbf224178995a04f.png,
09b890ecf7b746d4f4c857078991cb070faa1090.png,
09c9126f7e945676d0892b9ecfcc1ef1bb82aab7.png,
09d166b172a31c689c6f993ce2498b787756ce33.png,
0a05b7c9806998b557a6fbdb98c35bcab3311427.png,
0a1b1e5a7ee2666e5ae444e510123e04718a4292.png,
0a3bdae76da6d65722b4ab0c44ecde83fa754c7b.png,
0a71e304e30fc1c5bef46d81c04470a58f9a67d6.png,
0a921f3f6f18b777a29cc7e40f4870a04c73448c.png,
0ad026fcfa26eed891fe58a5df7075ae327aa9ec.png,
0aed7998abb90de7035539f06bd3abd041294871.png,
0b00e30309b9fc73958130769b34b47500d986b9.png,
0b042bca7e50f0e5d068ec16d56ee9a30f09320c.png,
0b15a7e8eb25ad42d158343670770b711f4d85a9.png,
0b1658d896a86b2552ef7cdde5180381dbb07045.png,
0b36079bcaa731504fb9f265a968f87c95aa3c2d.png,
0b4c12376edd0a691cec5a8626dbc2a6bea58c33.png,
0b4ca6e4ab84fd6213bc0d2e88a8342ca423c649.png,
0b6bb61b33a94c36b40415627468193c4a50b131.png,
0b7188a99275df0523610bd4a640b83177a0bc97.png,
0b83f24daf7fe3803cbfe0f7224261c7a4bfbe9f.png,
0b96a64c4641f66ed16e1108971e7fff6454287e.png,
0bcddfa08686453ff54f4fa1596108c325962448.png,
0c007e1b79067d8fed77847e5cdb6741faca3d63.png,
0c37f87e3b05fab17f12ccb3bf90dd281ef4bdc0.png,
0c5d5f8ef5e10962eb3ae9b9d5040ee1972129af.png,
0c791f7c2238432c1da722de109d8228e7801380.png,
0c93f337d09c6d1f18a043a5f22796f3024701bb.png,
0cd75d5465b2503abcc79e46cbf8f890dc926dbc.png,
0d269b4959de9aa7fa8a90b6da0a1dea4083529e.png,
0d482fb2c47f04afe09659a161504bedf1d69383.png,
0d65dc638de2d4dcfe7ae14812b9de1721762bec.png,
0d8a0cea7f4124ba682e7ea28ab31dbd5c5cf24d.png,
0d9d708bebb657c1f5dfc6996a8af63e7408fbb7.png,
0da3708bfdeb418fd1aff8bc0cc8d291d01feb15.png,
0dc261b63e333704b954a922a5107fac5184a256.png,
0ddc4f6f03342c2b9cf73c8546a54529f551d60f.png,
0e41e49840ee500aa992fd3e56449385a05027e4.png,
0e4e3a9cf4a36a0f454b92e7bf83fc27d2fc0c44.png,
0e64389d4577ba4da5311a1e987940845fdac9f3.png,
0ef0ba3f2e6b1a7b4c675e916b4800be4568b8c5.png,
0ef6c38e3a7d9282d53ace9305c811a12c3b9fd6.png,
0eff567c2e8fad8f0fc5e06cd3176f831f4e144a.png,
0f3b93a46a8541c564d4e14d9772527d5c5efa52.png,
0f42767cb05d639a071dcf9ba3628e2cef6a99a3.png,
0f4eb2b273156dbd1be35b68695d17ee31bca69c.png,
0f56db73984d0f84a2621e13b8f201ecca4b6f3c.png,
0fb89e15eb9c072eebd82189420de1608f9f6a97.png,
0fc753c933e00b8f55157624d8dde9717868b65b.png,
0fe47ac31f1888167a90c18e5465f4bc5994aadf.png,
0fe6c824fd86025ea1e0bc7315191535da1e8cb6.png,
0fe963ee4330bdca551a43fa6b97bf5ebc6290b6.png,
10678df5cf319238ed6849c93d28779ce5abc433.png,
106f533500df88fdc6947fc497beb6fc683edb7b.png,
108ab6bb8a66d654d1162b7567fbeb03aadce6ba.png,
109e279f329b4a89e48c568bdc91b0f0340557d7.png,
10d69b7927b634ca41622dea063357b8049605c2.png,
10e481a90d99ecacdd8b5fcbe61e7cb6435a1558.png,
1103ccb1fb0b3d2b18373b016d931b0ccd2d05d2.png,
111141f04779c19f484583f96e17c256b0b9429c.png,
1143af00c5d52b0f166ff36bdbf09348e5ca1dfa.png,
1169a1b131ad13d2b8a305dad18ee9b57a188174.png,
11b5426a3c1978d30f833c17b5c0428e49bfd89d.png,
11eb6e3335518dc9a8307b6813bb22b2ae5748ec.png,
12293af701c044cc1e679a5f83a06993d9d99cc7.png,
1242a412c4c29e7a4520666029a99f79c8185d01.png,
1255807f8d3389abbdc5b41e029c93d2b1b0ac2d.png,
12897de8ae1553ac042b30ac2b7eccfa40c2f563.png,
129a857385d2483d637abd0d47d6b4bcb546a2f4.png,
12a947be91c8495cfd63db19c5258a8107d5ec32.png,
12b7d4f0f97489f4131630aebf01584411ea9161.png,
12c1ca3b4eca1856f4cf2ccd17910633f0318a2b.png,
12c3de7585a3ad62a205e71c81a6293e95a18a3a.png,
12e9ceb163423a7869147bd5f65defaadc9e1f1f.png,
131dea1f0e0d5d39875df951f8059af60da4e828.png,
1333bc93897ad63a11d26a42b57dd3f8aa9df9c2.png,
139a84372472b867a1808ff67ee446da31f35736.png,
140ea4b1e5075909573052c1920852e7427e4030.png,
14306825d3b5149144037dfb13b1ab5fc1ffdc0d.png,
143a592e4eece090d3804b5746104d65aa61b3d3.png,
144fd38695df4f9ffa2bd9c5ce0ca9ae92089621.png,
1454992310b900bbf1e6a4e4bcaa81683af46726.png,
147070da9658dee03ce8d80df5edea95a5faddb8.png,
14786d177990a7357b8faa49b5c058269901b68b.png,
1495d63c8181062b015bb7c329c7c9a97251cffa.png,
1523d82f0a0dff41d5d0e7f4ee533a32e2600382.png,
1538e99c9db18230c9dbbe7426429e689fe06244.png,
155a1c843bd977773a251cc814d343e6bfdd0d1e.png,
156e30732199f9eec3ae5e5e7358706c21fc4e0b.png,
15a4109462b3d3d97b1b2ce46684ab299844d238.png,
15ae5c5927a04433a786cdfd21b844accb4d3a0e.png,
15d88219cd8b1d148c80593934b3245fb2bd3a6f.png,
15e65f728be93819135646661fa6df65283cfc28.png,
15fc9fe880640b87f5efce7662d69e138a664670.png,
1613044b78f7ee539f431f34801e7f15cfea23d6.png,
1615809c3db03fa4815fc64be80d995a54997e7f.png,
163bd3995834075335cdf2e515ccf1009e7939bb.png,
1649f40e2ceeacbe15ab33bcfcf6b69a6c72915f.png,
1666df3c4c606f3c22780c32805ecede745d4263.png,
1672ccaf4bf270270062dbea9c39afd53aaf7f18.png,
16b666a3f18f5308cb5528ecf266c19b11bfd693.png,
16e7caf92a2ab1378ba6c4011d299aecdc3fca74.png,
16edef886fa2c98281a447ccf552c2b374d73ef5.png,
16f2853676fa68dc40a351e756aa9874de35458d.png,
1788c78d7858ac610f122ab56f7873003a8466ce.png,
17a9ff218b9796267c10087837d5acb6c68ef9dc.png,
1818111ba63effecc0b40984c2c5846fabcaac1c.png,
181913918d51e77d76c3dc25d573315f524ccabe.png,
182434d1757ef62dd1594dc578daea6f733fe997.png,
182bcb7794148eab5e6ac69b7425d8bbcadfefcc.png,
18641fd2ba846bdea093ccd99cf3fd814ec9ee4c.png,
18660dfc815cd546cb9b4862a2a24d1a46e40629.png,
1935f7c70082ea503c2d129976bf151dd41fe138.png,
19414b10e9ba62ceff7e916a750c339580a06e0c.png,
194708ea2dba64153ac3270f9014c4d49d064d6f.png,
1955fe18ee28ad717c6d77954992105766afc41d.png,
196667b9a5dff4e64221d0f0369d8eebc0a700ce.png,
19720e66c2056da37215e98db49033153c1bebfb.png,
1a0d510151c80b9521be527c851d347a47162fdb.png,
1a20187ea4980e7c1806a207162a77c224898804.png,
1a34d1e9fad49a0b210f5eadcae7375fe488c586.png,
1a48e64e7033b862891ca863ae2239a5152a1cf9.png,
1a88f755b52348d164fb51bb3b0bcb75bd8a5af2.png,
1ab76f4c3c9ef8d8c0b1620e4332087e93db5374.png,
1ac311aedba1f885ce41386ad71b939c49a2fdc3.png,
1ae73814c335da5d9017f617b7f0b879a45aa4d2.png,
1b04cc2b50287d270bd40e64778aa9a90631d048.png,
1b05e3f28ec980de9a4e5f4a4770efd0ead1f9c0.png,
1b09050dadb2cf355cedfaa470ade8501a7fdb54.png,
1b0df4226677a43fedd209d6f67f5897c1d2adb1.png,
1b157275e23e61c245e6b529741240d60609d420.png,
1b431c5405b8efc6d9a9017f6b122d3fbb7bcc41.png,
1b48c365eecb822d34ba2ef60efc530aedbae268.png,
1b77b32987cb7159551795d62f884984b8257f70.png,
1b9c1dd6969a6669a944c88decd54af50ab9eab2.png,
1bba5a66f7ba5e26d27e29aee6dd79d25745f584.png,
1bbda7c47e9b3d18d8b9ffe80347af55b255674c.png,
1bc56c49e427d2a3e8bb574a347958e65247f489.png,
1bf324c8240a0040128c1b5194443394a3c8e618.png,
1bf494ca2581e75f5da6aff21614fcd1488f88d1.png,
1c1147b8526aaab9b914f67085d7e81d9835014b.png,
1c257155c6107f48560cb27538756189e2e3ba7a.png,
1c619331d190d2504dd57e1d467290f9610811d0.png,
1c7603efe83c2fc1a82227deaac628242cae87a9.png,
1c97b5e39c02dc58f24ead578b61c5131b29aff5.png,
1cf5a68a416e95fb0441e14abf3e34d29ab0b0d5.png,
1cf8dab5f00215c84775a8f0e6f5d48278188802.png,
1d2be77c004e177f5d12f6e7a93106dc536743af.png,
1d2ecec7ccbad07a49484cabc7424f9f392ebfa6.png,
1d6023a98272ef43939acca0385b76eb2720b11d.png,
1dadb151d806f096d3e653c94d8f66a531a74ff7.png,
1db40139a524e15a0f4f97da3c1e31fc661533ef.png,
1dba7909de8d9be6c117cd280bc9375a9355c8b3.png,
1dc87b43a452c68da4074e725292199436eae481.png,
1ddd1c06a5a336edb41da996ea491873ffdb0935.png,
1de3598d561c6746ebff85156d03868f5efbcb63.png,
1de45ce053c2633a73ff4b10b48fe3a6150524f9.png,
1e119b92b2af3405f3390f036887050f249d87ce.png,
1e28013cc18db9693b87d0f8950eaa51568416f1.png,
1e6d4a4390a2e85a29b36a2579d373dbe5476905.png,
1eb9484f7528226cd40960ac8e3fad7226686b04.png,
1ee329d4000bbc23e6e1b34d9e3a4d253f79ccb0.png,
1eff044692f270af48927c7b0305bc82ca382983.png,
1f2a2f190aef0667223a28a3b0887a474009e465.png,
1f36648320cde9208895b2e1d694fbbfe336c62a.png,
1f3cb9abd2ba043defd372528f6ed61cba772dc5.png,
1fac197dc4e9c435054b2da670122b59387337c3.png,
1fb807b5955ffd8d5ec74ac21e3aac9a8858e429.png,
2014999ae970d7c5bc7dc35e089d98fb75716814.png,
2034783a4f2b5930f3fdfc3a74b7b50b7587f1ce.png,
2035ecf2b2e33650ef50b4779c3c7e0766fc0b35.png,
2047f97f02755745b476fed3e920bf7432fd468a.png,
205e6812c40a24ca8143a8e423ff301894da3018.png,
2105a4aaa37fb641f89c79db20b95188427305ff.png,
212aaa893cb51cbf0bed9a613e1c20830d6f5c9d.png,
213a401fd4e3714e68ba48e6a2b2b8bda4d99260.png,
216eb9465fd1fd5680eda730cdb6cb375fe9f22b.png,
21717102b1d85f360b633f30d34f3f6dc4cd8fc0.png,
217b0235fa83a34ce49f31be51137d3a20ed6540.png,
218574a6b5a50d9b78173c74f3565edd3ef38aea.png,
219e96027629e1d51866a344f2e043efbca5ef49.png,
219f0f80eb22598ce3512e48637287e826e5c7c5.png,
21d2e4e8d94145e86752040add229b903a8e5bd7.png,
22137d118ac0a44bc4a8c0b9bb870663847e1934.png,
222fc084eebec15615b5c89e29a4cc4dc799b062.png,
2238dd6318921db638ce0e548ad907eefd72a5e9.png,
2253a06e0d595f183cf927ee2693e003548218f7.png,
2255f368cc965166fde7210acde073683db5d25e.png,
226fde90d3f0216330d9d28d738f05dd24565e5d.png,
2280cfc12696c7e60a1724581970c29f18008287.png,
228373055f779b0e5e17261290e5fc97f1fdd028.png,
23167050c0e85e2c3bbaff650917d45f92da62e3.png,
2317c904bffaddf85d5bf8f385672106e56a7a15.png,
23209a3d5692629d9fe2a1bfbc6d1b56dab0d7d1.png,
23261d8608cc2bc544249f406a26c69a4105bca5.png,
232e563a545253f787d33942ed83c5d689d4e24d.png,
23349ba6682fa1dc65d2397be7a1df1f873ee6e5.png,
234e777f97339141d3a46c6dff7e71e062536c25.png,
2367c3ab32e94247df58f406a307f38b79ce8c7e.png,
2379f31bae6565ddb9c52392eb3989a879a09bdd.png,
23cd0443d17453c3db20f4ac767250afc079a6d1.png,
240030a98503d27b35980e0d9508e01cdc64d746.png,
2408e92bdc3e1b99d9c3f66d336891b62f1f8111.png,
2428c687bb1f65720c1b6505e9dc414bb55dfcaa.png,
243878d6a013bdb38f85d86ffda8b895ba608054.png,
2448f81e0c55c560f2b0fcd4ba41ad066f1c63ed.png,
24524cdf5841bd68cba61fba3d04ec2226634df4.png,
248d38881248e27f0787ac1903a60da09ff98b21.png,
24cc2c46f321201142e4c20639774fd25c74245d.png,
24e1129f7c8ee17fdb1b7f30727f02a2bf3205c8.png,
24e24a943f1861818324a385eeabb986285f555d.png,
24fa1b929e6fa80bef4cbdf59004146c89aa3ac3.png,
250203c0ea4ba372fd3ba04bf96ce0b08506cef3.png,
2527935556362810b872b80b16c3cbbebadc1858.png,
2560522df16dcdd6120bac19fb8c34e2ffcb56ce.png,
2579e1ef317077ab376b986b00c5fe3d8be035e4.png,
25ac2fdd80c28158f9dcd1ed7a1da7ea57b38e94.png,
25e54e3b8fe801fc4ea7ad0f6c5fa4826f74bec9.png,
25eeb7eee9e04acb332e14e35896f70207761050.png,
2608316494499d40991fb4b6c4a8fade793bff50.png,
26477b81efcebbcef0dc8d2d8b8a8ec542a499ba.png,
265cba8aac0617061ffc345cff46b4daf1db829b.png,
265f21e193f1bb1257ac233d8d94273a27c30daf.png,
266f99dbed7bb90a3e35ff1209f2e336ac7c4c04.png,
26b7132f28121788defa8ca976cee35a0760dcce.png,
26bb5c8cfcb125571f40e340d5f7f4c9d3c22f2a.png,
2742563de48c3bd307afb77369ef97279d09a909.png,
2743d4e0e799059ce2dc4e90491c7fbd004cfe65.png,
274a6a261c3c75c2460ef95237bc32303884efd0.png,
274dc683d9cd0bd855233286060264303e8c6b69.png,
274f0ecafdc542ffd274f7e37422fe51fc5c7fc4.png,
2765377a0dc1d7ee3fc7a70029b230a4ba596431.png,
27b8098e91b542863e1549dece3bde0d7d93d238.png,
27d63709467e8012d5b73a57f8cc516b0daff8bf.png,
27e4871a470d43773c6807d9f3c3c6b9a3ba3dcb.png,
28186ac0d5a7757cc4736690a22de94cbed9a3b2.png,
28386a6288c20cfcabe8ed7542088e1e427dad44.png,
2866260e7f4ab0601f5b0d62ee44ef6116241e96.png,
2888c80dfd562392ad415d2b7041bf458098b855.png,
28aa6d3743e8f918119a5538750e1f94554e8817.png,
28bd03882419ede933d254b4fda829bfc84bcd6a.png,
28ca46c831c960f9333286800f6ff13e1673e492.png,
28e33ca38361102888701f1bd1f55417dc27c2d4.png,
28e6c84c34bc687d7c1872f533902c2db5dfd615.png,
29312672fdb408de83d4f8eedbc7b107601d7448.png,
29441b65d1bcc23df79295e0faa41e0e980ae2a9.png,
29a0dea99b81c1db945aba2227d925a60ee48c66.png,
29a0efd4dfba9af739f4315c1ff6d691ec31c248.png,
29b3ab329ce427c947ad11d0e824de282112e119.png,
29b805914f4ca9373ef255b1bb225360cbd5a9ba.png,
29cd61cf6130ee0dc4d3237fb5703ecc0b82f2bb.png,
29d112ba614cfe7bdf72702e3d10baee62386aaf.png,
29d69ccd6779fc98337042e63154f2467df440d4.png,
29f53aafc3233754d3e750eda4853943604e9ded.png,
2a0a7e036333340152193b585d0207ce4ad7a7c6.png,
2a194e42838f345923c0437740d3994ae9f526c2.png,
2a42f3002a5ab806e845764ea35978f6f2164e35.png,
2a459c617c3325953b66c1a4bf191c9da545e874.png,
2aa3467da67c181469ae151b0397c8b8aade4ec7.png,
2b2dfbbf5c85ababa696160319ca49b61119b959.png,
2b33ee12813e8ef2b03d5820df6109ab56ca9203.png,
2b69501ae88ad0907ae5a4aa92726d429a6f4824.png,
2b7bf9da6b8d111342169a826725abf9cb1ca647.png,
2b8fc0f1993ce179ab0662fbc7669c64a2663552.png,
2c075f719a863165454d929a9fe10cc840bfa761.png,
2c3e400dc884b632acd9bce6c8e39f833422ef0f.png,
2c4b6813d67885d5bf7f3ac83fc47a999d115f63.png,
2c835e30ac1e410a6e0f5d27c1c8a55e2108de36.png,
2cbf88b1196c912a8744155c349f6c3155f054ae.png,
2cc4248056b0e9b938570da3907232453f25ddf3.png,
2cef27f22b58e9c1bb02db7808ed1e6b3893abb2.png,
2cf56e29052b08d27e412acb451e605cde90171a.png,
2d55a153d285daabc24e600c0aa43029e0aae20d.png,
2d6b37d6a82c846c30da213b79c5131aef62bc81.png,
2d6c921eb885b8b982d1d64c0a1f4f2f4b329bf1.png,
2d82defcb5a084f9e2c5b838e4eee82c991d62fa.png,
2dcbb60e6fd1bc5ceb8ed365b958046b4f0ff66f.png,
2e1e39394ec04bba73652290878f5a271d3692cb.png,
2f289842509a2866a6080cd614221310a822113d.png,
2f2a7884a4b23a34ba6950aed6a58bb9812f5578.png,
2f382e9b5a93da491be6b63044161c77fe144617.png,
2f72f39a14d7643ccc7b56f5776b48a17fd7a5e7.png,
2f8f745a40a96e7bca2fb1f1a2b85aa2d72c7775.png,
2fdbf37c4ee1ed27513ee924e54dabc5a53f74a3.png,
2fecb7a1140fae2eefb12f736b1c65da73534b96.png,
2fee0bc6c42d8fc74e7ecfe5db27b55f998082a7.png,
2ff506202804dfd2bece398ae03da5da239a44e3.png,
2ff6cbf0a47b5ea1d484b5a1f1faf477005b5fa1.png,
3003461ba1867d6c7fab8a8f0cf92a5f4af85ff2.png,
302962b74f00d334ac5eaf60bcb5197e860702e3.png,
305392af5c0f8ae88631c932285be099ce91f7e5.png,
30693460ccc5b48d9e909dfd30554983df8c4240.png,
306bb2288fad1f2cffbe5d8a75e3670dd5c155a0.png,
309bd4a9008af5fb7d36cdb475b064c511fd1cfc.png,
30a0535e0fd1d33aff38d28376667883cf4a5d10.png,
30a84e7044f3a153737b339a608024203eea02ac.png,
30aa2aef0f3a8769c462f8dc472700de7203cee0.png,
30dce7fd216234ec6c2584fd40988eefbc8eb13f.png,
30e4b1c5ab1e2a5fc24674d367df8a2a87ce78bf.png,
30fa3b62f1fc27eb407d762485fd6d0fa7e51ccd.png,
31501b6aae33d0cc86d97569ffdcf4eda078f4de.png,
3165b6b64697f2934dcc48d09918d984b725cc58.png,
316beb0caf967f3960504f852c5a85e3c12af4fc.png,
31876275d5cc038cf1286d51d7da69dbccd616e9.png,
31b2ece75365ec398a27dee38bc53b15246296ac.png,
31f4deb43280850d880d8339b8075c3ecff2be85.png,
32072af4b7ef3d6c723c02fc2e792988d17de054.png,
3227e8c88d471b79d362a895600d1620735f4243.png,
323c94255f347c35d29b927d9c57b2ffae81b7ab.png,
325401dca581c2a16a0d6b740d6f7ce416b966cc.png,
329aa34f010a1f3c20b451a696001a2d443fe8a5.png,
3304a62bc4e0b0a0077103a31ca343e6ce5e0f4b.png,
3398cd8dabe62b595206191dcffaeece81450a21.png,
342826c457752d9ab853b1daab4d01ac21d47af7.png,
34ac9dc3b5188ba7bd45c16dd8b6dca21208c08a.png,
34adb467639e12488be062d271b69a27cb4f020c.png,
34cd48086aecdc1be478cbf66a09e7cb24f54c05.png,
34fa971361fdaf131b8d8d2f89a4ec7b2622b687.png,
350d9a563f343aca1262ace053e1fe5aba3c60c6.png,
3513e326991c408d08d314c8c87df9fd356d53aa.png,
353e4773d134af2dab16e68f4a50a2b43434f0bf.png,
353ecb6bdc974cf362163e0468bfcd89971756ef.png,
359ec256d64581f5737b11a105a84309f1430d14.png,
35c5263f9ee54e3ea9ee2f7e1182c2005fc0fe04.png,
35e74aba287cac6269e5eb982bbd99274920b3b7.png,
35e9e6c8252e1614ac1334ce1f161ba322c1bc99.png,
36184f27c397ab3b85d6727a61ed7a1ebf4395f1.png,
362b0d7751c4cd1d43a69a79c39e6ccc56c28758.png,
364b363bc46d30bb5a8c8b2ba9157275d937b705.png,
3653a154f2f33547931446158a847aafd457e2cb.png,
367a54d155f485ea21bf0f864e4b80ab8c386a6b.png,
36982358243e422bf5b25e03d6139d7a45e5acd0.png,
36d7a709e2acb2111b0e6a754839ebf85650d500.png,
36daf30f09d636733cdee323655c0fb2f7d07ce2.png,
36ec6d043da7c48c57f2ef65d7d8874be6c906d7.png,
3704d5e65cd5164e02b623cbedcfa34093095a55.png,
372cde8a4b9424582471d8e6dfbc9b6cd3ca0a77.png,
373a591fea50c028c176673d64efac2e6c998ef6.png,
3746108c74259c606a97d0953a639cb850007312.png,
376ef22aa13595ad77262e709c76df6f936c6ed5.png,
37726f56a74421a7e7b8d691c1528ead56b0e549.png,
377bf8606f5573144e78e1cefccee932d4272d87.png,
37bb3205fd692109ed9ba9a751d79c583906e44a.png,
37ce5c6a49c870761189f04cfe24b184c8432d81.png,
37dbc7feed32e796874d3ba37e7154cf498a2c69.png,
380ebf00b778489c0477915b3d998d640b077a0c.png,
38108c6df3f99ed7ededcb661aaab429d31bf927.png,
3852c53a2928620c223566df79527b82d4e31451.png,
3882a33c7f8cc4e62e8cd3757c6fd2f70e625514.png,
38885b409a267754866e2b314550756838daeb18.png,
3894ea1f6e307f36a371d32c722af7007852372c.png,
38b181bee2c702a3092b9dee64b2ab9514b0bf81.png,
38c3ca559b4b51a2880d27609046e167e877531d.png,
38c517c60920ed07a180e9d128651a77bd6b24ff.png,
391bfede475499765b729fa896439fc122ec2fe2.png,
394aca8e8bd5b8fc310bf85206836a448055fdf6.png,
396510272a8ed02aae2014e8a8a158d3a78508a2.png,
3965973b8af64620f2116f03973ce1832db95a81.png,
39764d3d1fbd1166181b0a6842e1a4aef58540f5.png,
39842a4663ddbaba46e20d07d8aec67fd692c3c2.png,
39935af6e154089d9b75c8630ac40c41d84ccf4f.png,
39dd3743f9612897ccdc82e45dcb6f881e1578e0.png,
39ee55012d1264c24182ae934df365c33e398fb3.png,
3a296c57d4970f42c3d07d522f3b79316f1ab194.png,
3a7d0b1104295b647f529796a454c556c810cc2f.png,
3a83437ad5464f7448f67a2f6a9ac2a32d8ef134.png,
3a92f495486a8ab4c7a6cae259515cb5bb998ac9.png,
3abd9c5c8520a93f00aa546d39262b19d8a77465.png,
3abe9db354c41926ce7a7ffd14242801d81f859e.png,
3acf9c44095bdf6f8dd94523458bf5478f3e0d88.png,
3ae11d7733f07ac80efc2713830495fe3671bb97.png,
3aefeefef2986cd25b55c5c6c03b518896faf6b7.png,
3afcf37c44553d6cf42a7fb390d9605c53a682be.png,
3b02907af34c8510cb960b0173ea07287a07148f.png,
3b1b9126487e94b69fed967ba81a265d79b01b83.png,
3b27753570a6a59fa2b9b4f55ad8063ec61e49a3.png,
3b422e600debaaebfdb83ad507dc983fd2c61bc5.png,
3b4aec8fa17dcc2eaf3e093a3c6e9d465716e98a.png,
3b7ea80d906e6d64d4380c9a73f431f8c0e7b829.png,
3bbfbd0a294f76e8cfe2b16d0f091cfb0e669668.png,
3bcec996ed600bc97a97ecfb071b2ae6655bb446.png,
3c1476ea862f3909c29c3c46bab710276f603706.png,
3c2577208c912e8f73265cceefb95a982664a62b.png,
3c277535c8749c2925665a5a68e8ad9bda572128.png,
3c39b446b32365ca653c0df0503988f7f044143f.png,
3c42028669e2529b404a92f4353895b52af7d441.png,
3c525ca6a741f1311d83700e824406d29f372f15.png,
3c74c6e69782135254b89b9c88fb34cc77bd73c4.png,
3c77d03fa2358b41a1ed3e960d07b762ab7b703c.png,
3cbbd0f580e5756cf3e57dfe06e436dcbacda256.png,
3cd4cedd6f468b1e7f8523fe6d6868810599e771.png,
3cfbca7cf29d8166764f8a2117e493fc06ffce53.png,
3d011e0ae490110a08aaed438d89d34ee16048c3.png,
3d09e0524cc8498bcb31354df5b6b9231fcfdd56.png,
3d0d026b6a044817b8bd088947c5fddc159324bd.png,
3d1968e7a2a75718bb7ef94788b1695674a17bb6.png,
3d23de696e44260e3d2749cda389c37baf5ad81a.png,
3d2402e063cc790758fc840c76d3c1df06614d7c.png,
3d36791c322099030f1caf6a01de4ef081e73178.png,
3d482bf505379c7efcae7a83de0db36a8d6825dd.png,
3d7c9c873e8c1afae31ead1b223b02a7b64f13cf.png,
3d8bef05bf872dfc14ff5d2d91d967680aff6111.png,
3d97256dfdc167c7ebff1532a20cde727026c40b.png,
3dcbc233e3957a43a671d0f0e5269d08d04f63c8.png,
3df340f5f914fb157143333a4a6b57a950937b6c.png,
3df7ffe9ef68c159eb2c66a4ce4040b0793ce137.png,
3e141077482c46dead50faf35463e9a24fccd776.png,
3e26e1a24d853255357d0a5f438009fe53b8981e.png,
3e8b8cde5d8c2dabfde0d3a71475e03daa510462.png,
3e91243bbc7ad093abac939d883655fcdc43625b.png,
3e9135cb459c82cd3789c55cdd4a38e103654b42.png,
3e9ba98601ba67821d6761fd41ddaa4e8857291c.png,
3ec3d1616c7072462265370efe2ce551ac1d553b.png,
3efc55800214fde57ee545f74fa8c3e01f3fb275.png,
3f545aa7fa4c8b04a4d03381460c18203d3e5759.png,
3f7117e03d13a9936ac8e8a3ab31414046498d05.png,
3f7dc8d4efc583be4ad3fa84f016c168ad6083e0.png,
3f92b0837ff29788b90fbb690c68ab6373b55f98.png,
3fbc2adf3c56897f8f9fea4d17929b1a40b8d2c0.png,
3fcb9c35ef5aa2ef372fa0ba603c6e63cf65c27c.png,
3fd16abaa0588a622b2fc36788c7af4c5ae74013.png,
3fdf3db52786f62f5450ab3171531e6126ed3b9b.png,
3fe4676217155295cc32f9d3dbf50a5527d39051.png,
400e8677887b9204d240e49fa220f1e0b62af875.png,
403427accfb8d875183db6369517595e8f00b32f.png,
40542f1bdfef6a46813679d7d5b0415603242807.png,
4060a3cfaca73fa734691cd6c4f1cd2448469d2f.png,
4065fc29a86b8641d6bac51d49d72807c91656ca.png,
40a794d62692499f0b7df4b20dc57c7867dd6203.png,
40f1a89a39feddb79568872c7373e547a1aa4246.png,
410c42d714dc5191e396a2a1d9c9841565e26b71.png,
41ce003f16cd34624414e9e7e50f03e4e0e57fa8.png,
41dc08dc2754215c6aba172406dabd0df473c99a.png,
41fa72179eac71fc6ede628515563ea0076fea4c.png,
422ee94fcde0797cc34a0a37836eb0b5dc4471a8.png,
42435e596cf8b041dcfb9cc47fdd29d1c10898ed.png,
42661a43ffc49862d0965ee2c2576882528e63cb.png,
426d14a969c96b5470f808b75bfcc2f5336f29ef.png,
428230ebd1e35971495db24ed7f30eddfc9036ee.png,
42d11e0acdba3be92e2debfc28e2d62dc6561fb2.png,
42f642f114526c83e7a02b6834f4c955c4bbe8a2.png,
430c2b9b81886df13409074c5def170ab460f900.png,
430e0a6df8b8db1c830f0d880e4b7eccbd71fc6c.png,
431b58fda33209761bd7f246db712a3215c0e19c.png,
431edfeb0b505c780a4d8cf49c1c364c851569e0.png,
43222be18c041c16e1a92f73b3487432f219af30.png,
4373c6d34eba6e7c893fb0ba0c86242571760580.png,
4391bcf842f88753cb23584d02539e7bb88229bc.png,
439c60656019e5b39713cf32ec6691659eba39d1.png,
43c40b3555f14ba6249a0beb6a324925721ac7f3.png,
43e2c810137a14fbb83b35914815969782c778f8.png,
43f9b2628e64c5ba60f997cf7cce6ddf374c3391.png,
4406c4db574a0b57b2ce64f2596b9fb41b9c5b79.png,
440e410b46b6d59dfa2ca1beb075f7e20a207842.png,
4437a4aa59316fa609ff69be88a6ce2806309998.png,
4440b893a33f7148aaabc133cc9d042caa6bae62.png,
4447805769495afb5cc7dbf2674f871b6592fc72.png,
4455dbf1e7e6a527db4c25430f2bcf6644f6ccba.png,
44ac113d24a8a881c87443a6311ec3562409ffc9.png,
44c9ca189847ec58de1a98d3cb25feea06a1ba64.png,
44cdda0aede8c3eb8c280dd2b27c1723a8a86c21.png,
451fffd85fe94cd809cf7cea671238dba0be0be1.png,
45b9658c1d227b7ee778a7010c67a89351f9e9f8.png,
45c9d4da8381a9440e1f56857b6776487fda0c7d.png,
45d0b384995e15e1a4f6d9a2425a26b997858d61.png,
45d79d7449be49d774d8b852cf52a8774f33d223.png,
45deb85f79c8fe91aae2ae916f2324ec9656ed74.png,
4645b55bff9dcc1d86ae606babd0032ad4b1cc19.png,
466d484d1d90f9c22f62f37b692bb01733c6ac55.png,
46b77412bff613d37d96e5a1519aabee72bc11d6.png,
46c0cfaaa54bf3bf94eb9dd17c93e2a85590979d.png,
46f466ed803ccae282c3663da96e60a5ed2e4a27.png,
4708a8986c4e7c3e5e4a614781aa76565927f259.png,
47234fda89cf70776d51ccd8c64a984b11575cfc.png,
476143848424ff631465fb33b774d5d55d13b95e.png,
47b7e6693e7916bc91cfbdd6bb9bd8fc9dfceb24.png,
480a01f8d2309777bbfa18bbfab7ef9aa3e06e5d.png,
48230081613d137d101bc3fd512735d198a07e4d.png,
486b766e511a1b4b509e6f29301d5a4d7b0ac9bc.png,
4888de64ed326e9a8bc9b8296a15afb4fa273da6.png,
48b6afe4f244f6bf65dd8a59aacf3d91a306b863.png,
48e4a4ff61f4d1fb092ae6c5bd42396a144f8c8a.png,
49032cef941c979d2831743a94809546e7428cf6.png,
490b9b8349f6d472949e4b05892da549336b400e.png,
491aafa445347f18880225c9ee10aa9ece512075.png,
491d52f70427a9eaa9d1c196a047caca7ed206d2.png,
49297cf0a3b79ffbf9c1a67759c36692fac0dbec.png,
49320ca1c4b57c8c5d0ef3d3057e45063895ec64.png,
495e97b2e28bb85699d2ce49ac422dd1b1c2e2e7.png,
497c22674f4abca35acc8e318d973d2979928871.png,
49abf58dbd6e6c55956b290178f63686692fa2de.png,
49ad5a09de80e8c9f95dc012eff830a36cceb104.png,
49b277e748b182a8d66737ece7f84afb2ec0100a.png,
49bbf217eb4d1f385de527b65fac9effd8a8630a.png,
49e2a47bab21afb5f829c2695017bc87d291e853.png,
49ff12c628db72ad354dea841d04e0a27c814d38.png,
4a9471cb3ce0d55b1ab883f4a5408b4eabec809e.png,
4acc65931925ac687dca613d880305b0b1ace7a3.png,
4ae7331900f1d0523626cf7c52f7341ba5d322ca.png,
4b2ce7ee19684c56f424c2feb94b0a52f5976ad6.png,
4b33a16d4e5bee466115b375dd4f99d6147c9b34.png,
4bd6137b8914377831966a248d030807ec2c49b7.png,
4c147f5932847935868c2cacbfc5e9c1734c1088.png,
4c2d9ce9cb5bbb025d40a52e900498ce111cc297.png,
4c36d27a06b176845b44f9cab1dab2809d689d60.png,
4c3addf4b8da0a18a6086b3dc8f92bcad09298cd.png,
4c3afd0f6eac8be10193cdbf67d03de5293a7a71.png,
4c61de9ed72be456151df9e94a343c57ea6efcaf.png,
4c76dd2f23f282681d70a6d5609f8d2e7c9a7a9b.png,
4c7c58d87cea5e132795143c0f7dc10b87880f2c.png,
4c985f0ea5c7955a73626ca6424982dfa6646548.png,
4c9efe9bef6e322e068493851ca3c16cd34f1696.png,
4cd7820f6e5a91ff8f8620efe37a0aec2c23905f.png,
4d1a3bd517282a6893eedd44a3184bee23a55905.png,
4d7205e9e307f5904588304618d6252287ce546f.png,
4d9a5a4ebb7d905e9467b152c6bff358236266c0.png,
4dadf1ce3dae96e96fc5a6708e142aa405ff887f.png,
4db0f58315b83319736003e010762d6b9f0bc1c8.png,
4db8c22ba2672746443c742c5a711c0485863fc6.png,
4e19485b35e3d4e97951a5cb225d9322f665d9aa.png,
4e251fb117e3e594f8bed2b2b02e475b566daead.png,
4e40f48b6c5cae3448361c4e052a1d5c14c74a99.png,
4e44c8239b3cefa9109003099f601dcbe3fee846.png,
4e5d5cedfd5dc105db032e21af305a78adc34c59.png,
4eca8fd48cf7618e46c109092ed5547fc0c0f01f.png,
4ed1ce396c5d50c0e0119a51ae045736f68c5f00.png,
4f3c9b37c2b7bffa9c2201c818ed1cc45c19a03a.png,
4f5546041a29c444459441e63c3022951a949bb6.png,
4f59eb7f5eabfc68d861f693a96b81bbc7593f81.png,
4f6696450f6f5a48e1ddf5ed2f4e0f36df285fa8.png,
4fd873b6da7a0332261178dca1482e47d4d5f600.png,
4fe502f8708fca03c6a810e2bcbb901ab5a98a25.png,
50084292bed76716cd578d54ff0ac65a520f1267.png,
5023d1683f342cd809bc545375cb9b30440b9cda.png,
502e7f2c579505c4baaee133896b0da7d8b7da0f.png,
503a1bfb702a8cd5b12d37632e81af62ba3759e4.png,
50cef75ee397b2bc248b386c19f0877eba95d7af.png,
50fa90c7f42bd548d853e81e3f87cafc0d64a71e.png,
5143e6e7e5d8c84953466cc129b5669d3ce87bfd.png,
5153aa74d0bad3c118ef08f08764b7634db98ec0.png,
516b5986a9d9eea721e9bae65d32a80dcadde73d.png,
517b8e4600ae9ce15dccc046a0d2c74ae1aa4049.png,
518dbb8356b8c731694a26167eb29ab8bc5c864e.png,
51c5508c480fd3fa6930205905f9166ce7e4ea15.png,
51c7f2b35182e226f5bba148ccec3604dc603c7b.png,
51ce739a2933398e8b84aed6df4a0831c7923e84.png,
51f1f0f807060918747e32403fbe90db69ec67cf.png,
527b1d7a43781a8dc73d488ed6b8b7f0d1fb5edb.png,
527b3f5da82311f3587d502a8bcb94b9415a3b31.png,
52ae217a926e183f928691431ca16cf0162744a0.png,
52bc69a9017d61cfe54a55c86ce1539bd9a5e2cd.png,
52d3cd028c858c62db89381644fa86a0337996c0.png,
52fe95238dba6d19bcbe97d4a37d262d56e6a6b3.png,
53155c4b872ecb76c8e28790e7b0a4158ba64195.png,
534ead6d8a3c920b19d19459b4942657100b8701.png,
53911b01423e93d83fae04b4e496e447b6903785.png,
53e24fcd7b5c113e4d76d593f438d1b8599dd9f0.png,
54180547d91770bc9f2d9a2b83f311a57bc6220d.png,
542cef05f7c86659bdac3a977e7168cef672aa5c.png,
5467e5ec49f6823532d23ec049628696dd9b48e8.png,
547694d697c060e099db25f4b4305967dd23800c.png,
5490eadbdb439342f1c1c133343ec8e95e0b1d80.png,
5492b04173605907d972781c289157b419f25164.png,
5496ed2dad5274dea08c1a17bd436d47c2b38ec1.png,
54ce2e47401c6b42ed0e7a52f98becdd2f1bb64b.png,
54dfea2e2cc17b02939410b91d3bd69af3a6f56e.png,
54e101a6c831692fe0691e0e43344aaadcd62f73.png,
54fcde579a3b6c051895ce9927e9fa5fd9b492d6.png,
552d4f43213405d47e7c8fb5f2deb32869be6ce3.png,
559582f83e5f3537c1ba47b89eb28f04c37abba2.png,
55ab67c15f20e738ea81e30084dc8faabd16804d.png,
55af385128ab627cb21664093c5669c423a272e0.png,
55cb4cecebe3280e28889ab157c5f60f5d1877b1.png,
55e7ef13d268ac277f45f08cae8c37e2c58437f6.png,
560965640974477bb73fa2e001877a21bf8898bc.png,
5657cc92f9949318202b894eb6bbf7d368616c1a.png,
566b915b80c831ddb7f9aee5473e114410b9d3e6.png,
567d578701c7a152355bdb854f44021b402602a5.png,
5691b7f1f3c8f32907cf9f19a0a5c8139f0c1294.png,
56b2ce5811b955f8578297cf78956c77156d817d.png,
56d6bec0fd9d79a8ff77e743ca9d6f7a8abf6f8b.png,
56dca35d8e3f5c6f6c168de1013d4e6bdbdb930f.png,
56de6e8fc5d185e583ede4ec6e89aabb5950448c.png,
56f432958ad4d12f31d2c05a58d2e725d516d5d2.png,
56f51d8b39570554ebadb2cd310c4cf984afbfb6.png,
5706d03f666d5af7b3606e225b79fc080ccbf30e.png,
57097b7fd534fe6445991510c47f089e2e5b286a.png,
573aaef70ea8685595d062bcf3f12fda824e9681.png,
573ae482661d3ca6e8a2a2633d4185dd0690b026.png,
5789e4710c1871a9c32632f9a014af8a93dd7f96.png,
5795e05b0881cfe67d45b0e26604f27536b7d971.png,
57a9459b4f177e9f9e329c6e3769b2959d9ec128.png,
57b1db9974615ab79c945ff38330608bc368fc6c.png,
57c003f661e21a51a919862decf9aba8da0cdb81.png,
57cdba23362c5d407c608f183fe8c9550ad701d8.png,
57d4d9aad63a4b5c21916d68cf65291632bc879a.png,
57f59f407d6059a78823f2e1c6e4e1fee0ad1ac7.png,
5844d25fa8d06f815d5825b82c820d0870373dc9.png,
5875b655aa883c40bd65111e5408816d86fdf8b2.png,
58839620596dc13c691c49dde324aef0e79e04ac.png,
58944b1d6c9415540dff0548034f52e41a7a7586.png,
58b2c81f27226f75445d65ab45cbbb28404c0067.png,
58bd0cef4af5a237074eb4411f1f606212b7b474.png,
58bd6174421f0adb5c72b64c22b05f126e4101be.png,
58dec710ca4f615ad1decbc22b35d61bb6fbe9f4.png,
5920e3e2b27a7208749a399771e60173a2cb848d.png,
59b1f5589d14b175b739bf577f502b09b5e2611a.png,
59c7a076ed2db5c16876c97242fdf659a2af82a0.png,
59d7eaacc7a5a6d4336b9f38bdfa7ba29299d7dd.png,
59e63d658076ac96c67dc376fdeccd9aa6d8f88a.png,
59f9f4a34080a6dd434fb50997bc6dfd127d2796.png,
5a0280c384aaafec242a1ac09674ec311881737b.png,
5a4cb6b66e6947305960c79af278d996420b3e18.png,
5a4d70c471996c0b5ac9d2d922ebb54ac169da47.png,
5a8c04070a7f10059f188ff2c5206aeca46e5061.png,
5a940ea3efcda5b53d3e7f3a7716cf2779b6fd73.png,
5a99d46ccc2208284ba2ce31294056ec34a1d013.png,
5ab77581255ef0512c05e11ac3cf06c24421ae24.png,
5abdf3ed302044a7fd312348e3d2f3c9b77dba27.png,
5ac18f7aba3a763df6a23d5bc7c9518031fc7789.png,
5ac9071a0405ede36ef61560144ece9dd5073c22.png,
5acf1893e72c79273e76cdb14df52c16061bff68.png,
5ad6f89b9d93d118ada099b2bc4927e6f3738aec.png,
5ad7c48d1568dbc09dc511280e0e217cb2e648b2.png,
5adee122da30eb864f66dd0908d00f08fa07c7b2.png,
5b19daae78df08b65e15a792095601350822316d.png,
5b29633edbb37e4ba4d49d20199f94ca650cab13.png,
5b2fd7c99567694e00db37d233570b9de71e4649.png,
5b5db64d87cc5320d588e3a14c5d9a6cd5eba63f.png,
5b969714d452f7004746163e8b7f0a4810afa3b9.png,
5b9c07291e95a204b0e3bf74102b9af0e0d56a7b.png,
5bb2d532d2113b630543e362e72ede6a4cf7986a.png,
5c07e63c7713feab10db34a9b6940c4eab50e01a.png,
5c12740e504de953ad179780ab42b954d6c347f6.png,
5c157fc58ed7359b53f91ecb352c54f4e47bf50d.png,
5c2d026d73098b893e6e805de28328800be5da7f.png,
5c43047d381b55b796cd6d0b8b1499cd99b34a46.png,
5c57d9fa785dfaaf8dbe58b9bde1c8ba2e41e9b7.png,
5c967b2dcc6b4392b9bbc9d00e6ba0160691f4bf.png,
5c97aad17cec34060cadcf9e5e40f6741eb29637.png,
5c980c527cb3b336fbed0a3fded172619017c723.png,
5cb805dd13d7e0891fc16e61906ec6f019593bd4.png,
5cbd41ac0122186ff61e80478f38a2ed36e5278c.png,
5cfc2cfa43935c3367a5b4c1e895c1442c49aa5a.png,
5d3aa9fa1848d2723fa7fd712fb5c3ea8e819bb2.png,
5d81be6fca403891e14cb930cdf1622af722c811.png,
5d828c93600d71c9c71e542c8cfb66fd9bb279f3.png,
5d93b2bf19b3df79361ef1fd243dc14add15ff2a.png,
5dce6c956d256c1eaffb43a0e50136c7ad403b3a.png,
5e03c5f9816cf0baaadbcaaa63e7378065db1fb3.png,
5e16aa285c143c3b085d00f25400cbb6cb8a5365.png,
5e5cb8607902a9b7d33318984028906c2e43e104.png,
5e943d078ffe234a089c0f134c0283d3599b16e6.png,
5ea69b3f151971550f886d07b3a613655c9af2cc.png,
5ed998fab8a0a037ea827d8b8a824457af974f3f.png,
5ede27bdba42c44888a5f2db41120df541c65b3f.png,
5ef89382d07848edb2fcffd4e17679e537adf19b.png,
5f04534f56e25f46749927337e11090502c2bdeb.png,
5f0690cdcbefae4b231d299b8ee0b089cb3b432b.png,
5f09aa618d604ee9aaee726aa9c86b54a0268831.png,
5f1749ed5f6eadb5b944af24a2081f6f9fbd9a56.png,
5fe70aafb00b97b2186462be028d8cb29e993cf7.png,
5feb07d033a8a01d915fc8020a6d83631a4ccaf9.png,
6018106188e5f4aa866ab3b27b1c6901660adb0a.png,
601835facef541e7180c7613c78be994ae61a31e.png,
601850029c7f9eb76d78f51fbca5ec4ffebd980e.png,
601bbc4311a2311923576c909617893ba80adcb2.png,
608afbb1652fc3e6e624f5227f78c9f3095d472c.png,
60c54eae2536320e736acf51ebf5f54c874a9889.png,
60d491723fa529619244ab12ee0e648379dc31a6.png,
60da05468c4070b1ba8cfc23c963eb916f052eae.png,
60e727313b957e7bfda73ca61acae508565de289.png,
60e96459aaba9b7775acb249723c5a3e987dea04.png,
617289f2050af10c3a8d2ac8c11f2cf002bb0f22.png,
619aa2d5342cb3082c5ae4c7a862ad7e2d5157a9.png,
61e023de3aa9fada038bee96b903fe51faea02cb.png,
61e276363d7a6f83df5dd74ae6fca95829332d74.png,
61e4ad4600e8b75baea471e2681df394e3b744a9.png,
61eb300f5d211978086ebb216ae95da1790852ba.png,
6205cfb332e457fe1f80ca988ae18dfd728fe949.png,
6207e27a7cb498fa08b10adf09a64fcf5829e0f5.png,
6225d23fda4a763eeea7224d2dd86ace65f8c9d4.png,
62428ce2a786f27c85416779c373bb0c9f49216a.png,
6274011bf22ff1315af0dbeeda186b354f453666.png,
627823f2399fd83f39e4757d39b347c0ee672389.png,
6297418fc2b0e755def53873bc7c540e23b74070.png,
62a5619ad5fdff25e8a2b33242306ef2670ebe87.png,
62cdd431e3f1033cef8310d46f1e383b5336a116.png,
634176b50a1fcbef226db00f97b860219edf92be.png,
63462ef603218815b188f93c523dd32cfce98b11.png,
634a43f1d14c3fe2bff162b3015e75763f4e0657.png,
634b49b7933ce5b17b32b912366889282ad7ee5d.png,
637385481efcaefce2c611ec03de6be20232c31b.png,
637f4a34729114e7d9a2b7b621283520ca58ab76.png,
638164c74cbbd4a1cdcd64217e96194b3fb426f0.png,
639ecb2f3d20d2d86134025a4056f65f98df53e6.png,
63a70d1d703725231bfec10e1d35fe92ac65560e.png,
63a74f4532ab1ffc5220f23d0b105dafb56ac27a.png,
63ab4ad51591fdc40ba466bdcc8274326e610853.png,
63ac9cfb8ba9580313708b2a0fafc23d093645e2.png,
63d5f67df9b1d54ab585b7966a600862ac92bf72.png,
63dd8fe42cd87368c7d0ece052ad918166e85d06.png,
63ebe738d3973f5c83b73d6713c48724e52ecf29.png,
63eec3dff92e2ce2cb96c69f9241390a7b672430.png,
6415d45cb16cc1eedeb93cb4e8d72732f5ffd6c9.png,
645f3db726d2a0d1bfc3c42fb30abed161958437.png,
64684e93eb91f9db167fca1796e05fdaffd3a866.png,
650c6cb5a6681d7c2bba953e97c09b3df7c8d58e.png,
650e14597a1e65ac16548f4c84350d3f6a37b2be.png,
6510eefecb573df410dedc2ef85df47958647e50.png,
65175131518f45e25981112f85fd22db3c550a33.png,
65188d458d354e6975db9b2745c65f0917a5ac46.png,
652b1e39bf8417a88a02b15b7052cbeffc4c3996.png,
653e49e28bcf1fd1332d35c45ca46068a6cc93c3.png,
6577af673d8c1d3ba278e02f74b64696e2e6a6c0.png,
65852da17bf79d85bf7dc3b32fa7f7871bea3e89.png,
65acf59c4a4f5929640352d6d56658f012c7cdfa.png,
65b5e0d0a47352d347c16e98d46d4eb2ccf2ce63.png,
661b6fa55de3b9d1bedd3bfc2c348f1d763802f4.png,
6658e4809ffa2285f828cd72e8e24397a21a4fcb.png,
66f92c34342f76b63e6cb2c6b15d587761f534af.png,
676b347a5aa218330ae5d9dd5336d17861b5435c.png,
678f27e1f61d1e978d0f1a3243e4d4856856670f.png,
679cbee9f9e75f4a585fb92019f455673c991ef9.png,
679e445197ef24664118d96224d70c66c71121a4.png,
67b2f248601a25d5dfd3744e9e83f18ea097adae.png,
67ec4ad2b0c84057eb2e23b5bd7d550139b0fef0.png,
67ed5e93f1362a119e4082c59fcbbce9e7fe137a.png,
6804a25bc3b8dd4fa4acad1142c0ad708bdbcae2.png,
680e643f5e8794684c1a6a216c49c3c90d3a4f85.png,
68655893dd1412733aa7bcbf9c5fd25dcbc1cb4d.png,
6896b8c1ab3502029a853538f3c68f808833e173.png,
68a4635c0d5dd10e2a3a6bf9aa3d7959d5e77cb1.png,
68a98494493740230f2bd59c907158fdc2fb71ce.png,
68bf1c023f031fd911d6de9ccb47c37280f2b9f7.png,
68d2ba032843c3c0026d637d6d60ab84de9e566f.png,
68d40a0fba7723b9861ccb1bf7454a5d42d6dd7a.png,
68d69bfaf40d563587b31f9badf4f46860a08a5f.png,
6915142374c8ae05b83bd57947cf43a70d3f1f46.png,
691753fdcbb95237ef6a2bc51acbdd49f888b7b2.png,
695b4f56987c7f1413c7a0e88c0a9b1b26b16b50.png,
69945f5208abe3ebfbd9d85f6b2b9c02c78d10c3.png,
69998f6b05dde8d454993bacfaf615bc2e1ff607.png,
699eff9a3d51c6376ee5686a14837be48c00b38b.png,
6a2437477907f4f4126244995dde1da80811aaf4.png,
6a3651aadf851dbc02ff352cb3df898e9b3d0761.png,
6a4f1c2b149afa0018af272f6ee1d7b5ee085403.png,
6a659790c2c797b0a5c519f8c9d153bcc475e796.png,
6a6a98bff3f174d3a625f8f991a3b3fb059bb27a.png,
6aa3629b017915602a3143dad937276fe8e0392d.png,
6ad822daddd2807d1418391282fe2eae12370f2c.png,
6ae038eac985426105860e75a72945c521d24e18.png,
6b119cc61dccad91a1f754109af643d085bb495f.png,
6b24e0f386133cde0d21ab7d00a54019342ce268.png,
6b35812c83b18b8e9fbf6e540917b4f01989377a.png,
6b79d56b430c9a0c6307ca976b5b97aaa775530f.png,
6b8d9618cfd0f26df27fc3652ac771b8393bdd1a.png,
6b91302ac8ba414c9911cbaac5964c40c9782783.png,
6ba1aff50e841b08ee51fdc8f5dc5d8ed0b3b645.png,
6bbebd7d2647d2d58a25397d405f516d8fa39928.png,
6bbf73b76efe31ef39e996df9b3f32ef97f42b67.png,
6bef27b86aac2ddc1afc05f391670a2e3a89523b.png,
6c0619609df067797f5cf13c89812ef23c991cd6.png,
6c5d410d1405117929c53642d200fb7773a0c5d8.png,
6c734ccae45c0fce35e9d456de69e4cee0b36bc1.png,
6ca57058272db86143c2e9a08500b4d063490b2d.png,
6cbf57ff3d66428803201063646510a6e9b9ace4.png,
6d2aea20bef20db4d898d7a5177a8e3e99605abc.png,
6d3100e55ee04156ec2904c148f5cf4d4230cad9.png,
6d51e17e10122f3ab07002c1b93d9202ce6317f4.png,
6d68147349f3a81741e3638f2152c1bfb0c9d7f8.png,
6d822bf4ce0c08466a6ed570741f33389433f7bc.png,
6d8e902cdcf29b53a24e9b36351fe0c2c7a6a5d3.png,
6da1d0cf35268b5c6e29ac88fba7356a2908eb2a.png,
6dc71c27059be75e43dc628b0fbe7c474480e359.png,
6dffc2b4d8cd26a8f5605ddba92e8b458257dd6e.png,
6e0b880670d4db98e6d04ae66bcf206173f71591.png,
6e11752675f571f4dec12dbcab9f64aa0d389371.png,
6e25057b459030e2654f5c5ba4a46f91299fb3ab.png,
6e2812546309e4f3232d2bfc0cc250a825efdc20.png,
6e51f916bd2351dc1331704b302d7d8a99abe816.png,
6e6b1c555f885e2d657ea48e4b4131017c4d725e.png,
6e73ba7b6e21eb4734cc8eaf8b1bf204b75ea96a.png,
6e7fadb9f7bd741bd5c5de0352adca4c8fac06fc.png,
6e8ae2183d481e40c74b5bca2c0bb345d368a38d.png,
6e8bfc53c8a59ec6f6a5e2acef8bbde23eabd243.png,
6ec66a187c0e0dda105659d510974d31b505bffd.png,
6ef49d526b6d932058fdab5f73634453b3f4dae1.png,
6f38f21286a511e8fce57be74a45e4e993dc4af0.png,
6f3f2b21860772c3f806a3789674e879cf2112b8.png,
6f751853439fd09f06da915d0652be2cec671ce1.png,
6f80f4e8bac79eed55ac4ca72f60b44e60e228d0.png,
6fc75b21f74814b7297f718fb108e54c76382ae3.png,
6fd40b1f053c002c1ac33bc059969d0a66f9c8c5.png,
6fd55f0d48c3ec7556ba786749a2007c19ab7316.png,
6ff7dca00a73eb365bc4fd8f58efb8a459d25f1a.png,
70261ff8b7e92035c599956892b5ffb355ab6fae.png,
704138051a458b7f4a8bbadad3835161a1ce62fa.png,
70416d9c0b16e26de507b760a0c8eb420ac4a54e.png,
7049d3e9a8ab205254a457370c8a530a4fb94e0c.png,
709515c465c5ce3fb6215f80b90445c936362337.png,
70a31d61a57a3e2ede41e6fa28f35c606de9f103.png,
70a6e10eb76876f67409f55dd244dc1fea4b2717.png,
70c02284d671aace0654d1d748e1c9ed14b16bfc.png,
70ce3dbbb098198eec8f485d83cc35f56603da06.png,
70cfe6ad3679d929d03f7c58c2eee4e44c5b00f5.png,
70d63f9ae8c0b6d0308070be9d13764a77822623.png,
71162f57ea4fd0b53210a0fd168db79ccf7197c1.png,
7122c5b6e5590e1cb353c113d265df07f02c61c4.png,
713a56ccda19bbd30b1d477b59c53f20765b610d.png,
7149d057faf73da7f090cbd632dcc39923a2eeb5.png,
719c58340ba3e283e4a1f0ee7a2d16dff82278c3.png,
71b237814a96d02913d9bf07bbfafb2e362de111.png,
71b78639573073d13b34fdc3662aace726c89136.png,
71c2c75de0fb2b18298b062363bbda480e906785.png,
7214a28e855509029ea4de4f0f8a9b64688bb301.png,
728144bda73befa6bd86ffaa78ba3b845e21ee90.png,
7283800ae5b5cd76d8455a7f17a9907ee0e66d55.png,
72d574f1ef7c3c8c9b183f87e6d6d7b94502a1ce.png,
72f31e0fe05491e4ebe4bd912aad109111fb09ff.png,
731851eb308fa2cb917c068338b9c6be17cf1b27.png,
733ebe511dc5c322efa2df57ddd8ae1dea93799a.png,
734e16e1732a1c42deeeabd6f67359cdc63f9ce4.png,
7368be83c6f7475fc6892b192bdc64e569f670a3.png,
7385214c786ed6574c3925ad5a86cf153ae4b40c.png,
7391c1609694818f3caf1f225acf4b96c10777d3.png,
73f26d36967bc25a1be924ea3c82f9d18fa11470.png,
74000b8f1b5f999b6f3e8835cefcf6b84981f1b6.png,
741dc21cbd391f1d78dd01bba29859a66ddefd7b.png,
7428d19ef3f8678a11a30630a9564c43dd5a07d6.png,
74308998d9c125d7c950b2be9e92ab0fa0bfcbb7.png,
7442a0a695df3a3091ed9200c3c4b35dbc7a5374.png,
744fb6cc59405bce4e867b2fef17c49a4575de70.png,
749e0f9c28abc6cf2fb30ab72d7e3bb49cd45881.png,
74af839149474439cbd225afcee11eaa003e365b.png,
74db55341675396fa8cc8e93cafd63a3c9a35c34.png,
74e60e4166000f35c19b92765d750ae3c2afd428.png,
750b12d169c81c501717f6867fc93e81254847ac.png,
75185c6b34c8d7401f2b34bc0c56897492a985ec.png,
751cd5d806ed97558e7fface82316daf7ec68a1e.png,
755c4bd934647e2ccb05447b443edaf0c69f2a9c.png,
755d3e414b5313987cabc76c7f37a420ba1faf40.png,
7573ea30aa3196703947c86f908200b82c57a524.png,
75c770850adeb1ae46850ba566d150bba7e7beff.png,
75ce8988698d36959c03349d8f89d3b788b57528.png,
75ebb1e7fbd21e12116fdc533df2d4ee28093abf.png,
761e9da201255897048b84ccd1bce1eb923f127f.png,
7636e68100d610db20c175c0e4a00af89c21a676.png,
76826875f7d24b296b502f89769746a5ebe24b35.png,
76c67cefc715038cbf73e1f61f4bc9f2bb3feac3.png,
7741a2bc6206b624452dcffea74bf95ee6b69d17.png,
7752db634746e163bf5f1b1bb1ad7a4656d4bae8.png,
7753a075905d699a2eb496553173552482fb1d19.png,
77613163b8169751174c543f36a5e271db8567a7.png,
7770ff86ef4c554ae88376dd1b7ced93abd40673.png,
7783bc91aa6cc2ad5403d5eb26c9ff30a4785da0.png,
7798b96ac771aeb3cf5454a5e303b1d884131525.png,
77b204c2f977514f3ea1d1cb03d8c7870b9daa26.png,
77b6c13fbb12b71f19b0e47213d42882185a4ad9.png,
7805a40f8d5a79ebf77256de7f9c93c0bb3310c8.png,
78157a2b026827670748778689fc0dd5bfc388b4.png,
78e325ccd7eb3d67bb2b636b6659b782aa53fe07.png,
7911d4cf19ac63d630002df2ca7d9a89da0def4d.png,
793ddb783c122f77bf56b1af222b9711896d3a41.png,
7950e4c341f12ac854c446b4f3883cc2c1f1d94d.png,
7952f0a441e323efe27065c8853fefdc97c74d29.png,
7953da347bc77972444d748e399482a8e8a57b30.png,
796031c867fb0860dbe0532be0af91b44c10b218.png,
798468ec1c46126f72bf8907e06b962db1f8a85c.png,
7997cc68929315239a4a83169474ee0aa7c1aab0.png,
79bcaec1e7b5645ac28abd7097598a7ad974d7ab.png,
79c04aeb874be6c48547c3285d34806069af405c.png,
7a1b555e4b22819d832f8322007067d529a9fca9.png,
7a5c6046a4f6ae3049e60e4b677c20afe2e9c347.png,
7a6525a4a6dd200c60861869716e7fecfda9f7bd.png,
7adb0a92a1ce624e3cf7e9a2f4c347f3ffaa73fe.png,
7ae95daae7f60800fab76427ac80b7cde63bec67.png,
7b175dde9e54edf0874f214dd580a886eff58a6d.png,
7b1f5e2f6aad370cb9848b9737f87e15091d2cf8.png,
7b24d1fe4601c3d4390a1ec55be607ac575988e6.png,
7b743613d5c73df98e4324ff04d97c616af98e31.png,
7b80d39677b91a60dbbd594e0b3073c25ec12a44.png,
7b93a21af761d0f02edd19ceaffcb008b5ff5de3.png,
7b9a7ff2d9c882382fa893d2c607cd7ac6d8ec54.png,
7bbf05ca3b332064e23848302e170d192e94b238.png,
7c3ca27b43b67c99bb009f93aeb6c71fef0aa4dc.png,
7c4b7cb35326c6d954b36d218d261c8dff14e49c.png,
7c5b5db77f2f24417e85537933c9e73fb9301d09.png,
7c8a5070ac6f8efe592b93634a4d923523ce3044.png,
7ce45786f8b632fef60c2632e79d8d3374cd7504.png,
7cf84f84f38203df61275765d55a18a2fa89108f.png,
7cfad79a413f1296863cb16a93d570b036006803.png,
7d28d555dbeff74394ad6a74dd3362bef2a9748d.png,
7d3fb27842bb0ff3bac1ef4e9aa9bd2aa58f1bee.png,
7d75f4aaf086bbf203a0d587bbb96850753b665d.png,
7d8bacd6652462a4e806bbc292d7de85567c3c1b.png,
7dc9175c75853d016ab717fcfa199ea918bdc275.png,
7de641feaa1dabb8299b5423f1eef5374520b917.png,
7dfffb05e6fbf8b50b382df8fd756a2a782a5fcf.png,
7e4acb16fd887b0cb1aeb5c67ee131f735a2cf60.png,
7e7dcf43fa56f580cfcc70ffe416f50f62fabb23.png,
7e9299ba0aff08500f717220b3172fd898e97e4f.png,
7eba0c6da0bd49684597e0dbfaef5951eb54f2ea.png,
7ecf828b78c68ef921c576d594b1e3c023fe1e78.png,
7ed858ff63b1ac36e11fb8cdf67a875f6d2d4d55.png,
7ef83004fc8d181d6d214b5e39bcf893a9a1bb29.png,
7f037d28bd0af3ee9a1d80f8323e23a1233e66e5.png,
7f05efa479b0e1bc1257074b02c8360e9599cdd0.png,
7f31a02d34eb454eb1cb95657929647048ccf580.png,
7f31d38d2bea65f9d523046061904b2e0e62db40.png,
7f63eb77b754bac3cdea1d24bcc79a2dd11a0904.png,
7f8cb99bba2edd3624ea06984657c410b07a6166.png,
7f8dbdfca85f094f85d67d546b3e0afb80d0f4fa.png,
7fc7f889dbac067db6a85a41950b0d76dbe13bb2.png,
7ff24e71d2da03d0f47492ea7ae34bc71363a75d.png,
7ffdb7a319edb992581b9c90156467394360cf03.png,
802f9ecb12e19b1b9642d3e821b496c6c8e237ab.png,
8055f52974a50015031feb0c95a398c01e9ea91c.png,
808646d2326cbe996dd424be1bc71a03af200c5e.png,
80b3622993377030a99a2af16db5016c44a97238.png,
80c429051ffd14022054a3dee0f7953cfef99ed0.png,
80d29c5ad464644a8968c2e00596cd881cd3fb3e.png,
80e4e573ab035d40b405a79b6c7912aeb4311f0c.png,
80e58635f81a068a402c9c929ef5d5fb434d6604.png,
8119e0b647b0667df99bf001654eb6b2d447bb9a.png,
816adccbd227e0ee8087e15f41d8744e77dd3645.png,
817a3c72d38d41ba27ccdcfe8b54de02b0507a68.png,
8191b03c5b744cc8c0dfd450f9ee8077313a6baf.png,
819e73453239fbb708a09a7f1feb171efe0d8c7e.png,
821e4724db3cf5a00726a96eac0bce5e76d9529b.png,
821f2271c1ee4a1e001393bacc88dbd62038eea3.png,
82277742c5458413c96677db84863116aa309db6.png,
82593966619e78c39643f16c0ddbb192d70ebd80.png,
829aa6143774b91ae3788b685a032d20fe0379e3.png,
82b43c169900e7e693b709f19f5c4cf5fcdabbbd.png,
82c38ee086ee10ccbfe141b3698d7ee0732c05eb.png,
82da9ad529e0498e90fd6cde02a7b12df053c3e0.png,
82e977996430c12837e3e8330c66fd577738caba.png,
82f1c291615fce20a2cac62506fde48148b2e2c6.png,
82f31221f86b8a4233c44dc1dfa04f3cb36d53a4.png,
833597d92bbfc817c16d588665ffe25cedd224d7.png,
8338acfcb639092efed7685388f51cfbd401ff0f.png,
833ccaf8067e2a1c6cee9882cc6302fbe87ac3f8.png,
835ff8290f35280a24971b1c516b9acdbe4bdc60.png,
839958b3f76e96a2e0e1360d838e011b2f357cee.png,
83b21e8985cf262342dfc7929fb0d15e02e949f9.png,
83c66728a7ae825aef028d489eb3e7de80922959.png,
83e12d9768384513f25d4ac3326237916ee22a3c.png,
83eccdad2a7f9af1cff9c3181b8b6fc830b97e20.png,
83f78317ad916bf9641bcc8a999e2d8c8879433d.png,
845cc84a3c5b4e6de59117e335c1089a2fd4630d.png,
845e06e89ad8919627cfb586110e55faed42372b.png,
846b0a43ed56c47c5e33ae9f46b7ba8f88123ec1.png,
84814044fe9c15210b03b4e45bb830173fff72d8.png,
848d0948c1855025c2c073920722b2a1aae994a6.png,
84a298e563916ff646b18a2ce03a5dc0ccfbe503.png,
84a44e98078f6c44c8e51a90d9d3d93c1921d269.png,
84a9333af4364e3280167c77994f7deaaedcffe9.png,
84b309a0c2a227fc958512e591541112ec48e65f.png,
84e8725cabc6f77b322d0e6b6628c930033df502.png,
84e8f87dcee30719776a2b265b0a737bbdca8579.png,
85792fb476a3307804e3461a7be8a936186b11de.png,
85aaf25c12bd029b803835df5e9f34c2f39d5c2e.png,
85c94b1f039172583685224e7152e99c04f543e6.png,
85da4cbc5570c963445720b4a1fdf4a4d69e9bbb.png,
85f1b4eb287158782f36a374c84001c9e5b85751.png,
85f5f9326dc25f5764f0150b246f2e80fdd2c0f8.png,
8602e5568a1b9d295ec8457582ec6f0ff5d27647.png,
8619f42f45b7f692d149fb5ea61248071dc2f170.png,
864539ae9d8eaf88ccda215affe6900f3dfcff0f.png,
866c3737da3271afc942b5dda476b3f9c2a65fe2.png,
869585a48f66661fd53a194f94bbe7ef798ba5fd.png,
86c35ed3a0a86cae359aa018cca937c435a1a458.png,
86ce576950d1f60955702fb11338c341419ff2d0.png,
86d8a3bc68c93d876a2ca51593088a486e032d67.png,
86ef1936572381408361fd9064c1cb09cc7bfffa.png,
871960dac58f892dfb798eb2e0b641ab7e5377a7.png,
873f4a814ac40da95b6d3f03ba59cafc9900e016.png,
8749c22f3de81935b826d8a0570af9714e61d14a.png,
878a96f6248e07a06247fe0d403d54dc8e3cc9a1.png,
87d4993aef1d635027c2a8d050580127c7ffc0b4.png,
87da8212c5d5b739958edaa5bbbaffb1773d0f69.png,
87e0732ca03be8ed3f0608c72d37c68d04c52c1b.png,
87e720cb9027f483a72c20c866352eb9344a3df0.png,
87e9698e559b9caed1a860d8a7c536907fd82eb7.png,
8810e0cc05e294da32f0df828966c2fabf27d900.png,
8821e844e760c6eb70cda6c84baf21804b3c3f8a.png,
882670c9bfffdf0f97e95dce3fc670f2d5adb355.png,
884bcd4f32ee36be75dd42e9d084be840afb11e9.png,
888340a76d1d3a179416ea6bf344cce9461c3ddb.png,
88d7d533e5760faad2552511aa3834754bcb94b4.png,
88df1266155bd432c1f9147e6ad4a8971e5a0429.png,
88eb9a67dfd5bfe964785f7e5f8c2aff1a78332b.png,
88fdcaa3238a4186a5b32e61312dd465f155fe4c.png,
895bb0411eea62b7d4503b9813ca9d2f3017ddb9.png,
89768d480d116e55ae38275373b80f7a51e22486.png,
898634c55d3a5dd715f2d715e29164d13a32d8a6.png,
898838ca0167f4946531c7983e8cc4288133effc.png,
899bb8ebbf839c54040b893b71adc06d241f48cb.png,
89aea00d9762a0563914d0cb15b4ce584310adeb.png,
89bd929c16806aca40f5ebedc7d9f65baa7a2810.png,
89be3277767f8db3e7791b827db5b31d5d9dcb1f.png,
89eaec5e0b618c47e320309f91aac3d0e879b30c.png,
8a042d1991d620ce2b9bca997d4d88f6daedb5bb.png,
8a165e550de5f2c1fb56136d01c1473cc4548c5e.png,
8a6bce9ee1fa3915131f8471a0aa459e2ddb9589.png,
8ab9d0182b8a70de88d52b1235516d87327dc57d.png,
8acb10fcfd79f2f15188cace99a14c5949098e66.png,
8b29c4ff5321bebd051eebd30fcd687d1550dc2a.png,
8b93d2a08119a2fda5871e525afbe6a76a006e0e.png,
8be9317b6b728b4fe5af01046531af0cc420126c.png,
8c1627f5927c645dd991a231d50782132594c3e3.png,
8c3b53bad2855729f3eb47064fcad607cce4827a.png,
8c4ed2fed2281b770cc1c091ba6ac61b191a05a6.png,
8c6f4993d142c455076aae3f3d9f005014681448.png,
8cb3ebb7a45ec8231126b2fe564d94005755780d.png,
8cf38cd211ae1af8bbc5abe859c6b3472805bfac.png,
8cfbdfabea4a460f222f6d10e5c23d28e872082b.png,
8d028dabefdc11b55248877016ec23f9695a5905.png,
8d3adaf4b2d802d04fbedfb384baf6adf014b4ff.png,
8d3e17d5e63276a7abaa71d4d4fe037a5f8b0f93.png,
8d508618a8b669fcafaa307257a4e641cafb57b6.png,
8d639f8a3699ab352654b21a0c3c80ae7444d3e2.png,
8d75dd13423574bae0b9ceb58fb85fe7d38bb765.png,
8d9db35a05c210a84c9f5a118783b797c2965cae.png,
8db660e8345ffead9a9a63b5cd7b52425bcaee24.png,
8dff4b8e228e80f0a15d8066b688d2f00ebb8bd2.png,
8e00badc0922b11fbfc4af3b008029e31e16e377.png,
8e6763749b91a6d4cfb3d2bf1e228fab82935243.png,
8e6d641a9775538fea429ac0ec2a33d869655430.png,
8e7aac8ff3a883327fedc088224a830cd6eb1a48.png,
8e86a2137d2c2de890b4bb32b296754ffee5c226.png,
8ea6f4f85a7f2aa464e648e669e584ff5495ee6c.png,
8ea8e483128031ff1a6d97757ed61f6b1d66bcfc.png,
8ead7c3dd7f44d5ff8726163495c107f1ce2a228.png,
8ed7ef84db9a0f9a97abf9bbf1c207f176ebfeae.png,
8edcaba49020c0c27b703c3e2212b24f8fff5f68.png,
8edd4feba598d01904bdb7ba5f9f4ce9891117c7.png,
8ee278284b6465d4b945ed1f9005bc065b40f824.png,
8ef9dcfa21ee3f52146914aab271536d99703117.png,
8f6da26eb36faedbea4dd6137ab6fe5e13f9de7b.png,
8f799679c61e3470a418b4b634cbc6951378d576.png,
8f8c0ba300edb76e4938fa0872ed13e0963f6d86.png,
8ff96f36cbd4d2192df3129f6b528a249aabeba7.png,
904843418d4426fb0e8f4f6b5a000088cf0bb96e.png,
906a4655c77094094d768b4989e257e32f58173d.png,
90786bba5937742a560b64acc642ed757712a6dd.png,
908da546c54484922db4c006f8f68a09056179aa.png,
9095225e445d5d3fef0f021a6b7c60adf69c45ba.png,
90960be96169531a963b1f62186568d347f15fe2.png,
90a7e668772e301794afffa82332be27198ff2ff.png,
90dae88b8c452416a94fa16a5f8530d05bf21b64.png,
91061cd74c8491ca92b8396e0835e7add1f82f43.png,
918cbe8107e4e01ff76d93fd8c808075c18fe2a2.png,
92407cfc6d72668ea4821afdd22e051d3cfef356.png,
9278c3644e4df4856dbfa32c46ec14ad32d005a8.png,
92c6eb77a470c849cec69337214fe5c8cb539fdd.png,
92f619217d37da15807e2fbd2ef09ee76f1d9ece.png,
933e783c143fe145be3ee19d1f7bcd688a4fda23.png,
93420c715daa4454812ffed7aa59b82371eefba2.png,
934ebc522361382e22cb9a81f75501e40d65b02b.png,
939ff904d92a38c396ab3cadda354c533a80642c.png,
9461ba2c55b3893b2cb2ee93b724ea92df998ba6.png,
9468fb7e7300189492d0389e090fc90cf18c8ed9.png,
947926d3aa3ddd0273c520cd75054ce074d17020.png,
94ae80b7512c4e09ac2385b197f07310dcce6c1f.png,
94dd81b6633fbbe5735b66f651bfa714b23b0640.png,
94fbe73ba142180748f9e3aaf8b2466f460530b6.png,
950d308bfff56cc68cda4f748c11eeeda6daae7d.png,
951ff6ccaa0263e4b2ce043562974960275f3659.png,
95448e0cb6b19f195737fd6a932735865996711f.png,
9550d3344cc2575d53484eab2b31d27c37279881.png,
9562f8fae4109b7a072ea83cf98bf76383adaee0.png,
9579c54471937d98da6ff5a282040caf30b76029.png,
957f22b92026af60b8dafd4e90da3a161d59411b.png,
95bfca2a646609fb3a59278f398602ef15a7e1ac.png,
95c11e7ffdec49f192eb54912db587720aa1eb15.png,
95c8ded890ba0a4ba3d10df313a449c3379c46ac.png,
95df8c0e3f2f64d764e8c8eb438d4269b0450ccd.png,
95e34fd151ffcd85f4e31c5ddf0192ad61bed639.png,
961111ccb37c206e94f914dad3df80ebb816cc18.png,
962db8a33d8b9b46e5673f3d42642fdf709293cd.png,
963ac202d66ba31a80666ec0587c4040a4ffa3cb.png,
965d12ef7e226bff37e47582660e145347b805a2.png,
96857b5a717ac1543523d45f1975d5c57d14fed5.png,
968c0e6fc182fcb4b8dda8bb044b0d1fe1fe0db2.png,
9691a8f1820c38476f02317a234e2b4d7d0a2e54.png,
969867df738764e5c3d4b264852779b975057e18.png,
96ce02700f40623b70dbd3c5bfb98842994be615.png,
96d813387f86ca9d83730882711db71ff6d2846b.png,
96d96aae8fc5aab4f27302872ae2034d551edc37.png,
9712dd6d4c9783f689dff0356b26b6adf981f91c.png,
9743048fe577de1d547bdd610a7c30259f540cb5.png,
97493a6e0daa75f7a8c4d0c5ed4d17086f07cef5.png,
977291364a5694e8f4d760b505fbcbd20505fd16.png,
977373ac7fc54575947722c71ff45c4c828c425d.png,
978d03e7404af77d2084d6a8d27880b8cadfb67d.png,
97cc2673297739993faa975396361d899a23e9a9.png,
97e60dec6d27b96035ca7b85b9991bb8cec8fc49.png,
97f4827974a8899042beb9f2aa3b1ab515e4c0ff.png,
98300a9967946f7df3bdf6b7e135d2bd9621f294.png,
98534a4fa4464b98531ef6e0b9e089cd4828c6c3.png,
98a7d109ab23e635f1095885b229820f00719f03.png,
98c2adcfde9d26ebf85e39dfa053ab830e9c7496.png,
98c3fa2c774a2cb8b4145ae338128ecf1314c22d.png,
990bd3cf9aae5e07db4de888cfad3a2b272eeeab.png,
990f0a2a2b5399efb59c4e6352d8abb14ac33b79.png,
9912e108bf2df8efbbe14ecf1633a1b1dc8054f3.png,
99465ab57c81e665e9e0c5eef7301fb34992d9a3.png,
997ec8e7c936f1b5b299369c4958503d537f7b36.png,
9990f1666fc6d3109872b699f186fee240779e7c.png,
9997d903fed0884caae43c1f09c13ad798892d3d.png,
9998025be2e49cf3ad8733a2a14ea879fe7832e8.png,
999bde1c379396d96fb6328ce91af0e12372ceec.png,
99a9173ba7f271106a851cc4034ddd9f682f2191.png,
99dfba37d100dfe15c4dfdfce4ed92d9ae35844a.png,
99e3e5674d68b4117d096e874ab4c29bfe5dce5c.png,
99ff4aede45467dbba10c93d466e0297664382d8.png,
9a1ebf2c64f2bf234b98fb6d48e4694212d38444.png,
9a2c3ac673f2af0e89d6fbdbb7422b3d1b126337.png,
9a8ac4b0a5b740a4b1d6376dd24025f77b64ebf4.png,
9a9961ac70314d1bd7bc9592bbefa92489690b81.png,
9acdf60ee0c83b86cdf4b862fc47dcbd06f52a7b.png,
9ae72668656598e598b911455226ecc9c76c73a8.png,
9afb37200349a7e57d2a20b196405343cc7e5aef.png,
9b001ef996b7e6e89f50936fbbad5d716347d50c.png,
9b12e0ed2c78aca98e74c22c04bd75aaa813f9ec.png,
9b15cd7af7f7a0634506c7ad0ae3107b3effaa06.png,
9b3f5974dcc509cca4accae0d44df92c2fb2e169.png,
9b468c75474fce0f90dc7e161bf807c0cebff170.png,
9b4be0fc80a54db550935e9ecb3a3ae150a1ab69.png,
9b672298727f7804187ecf647233d02bae47a6be.png,
9b84996da5fc05af7352b4a30dfd935838ca2e52.png,
9ba50a028006242503615cdc9d0ae0665bdc44d3.png,
9bab0d07555719efe4991af2327e8e75c95ba1ca.png,
9bb777a376ff4047b27411145580020b4d65c688.png,
9bc9e02abc2fde13d83477477478870b5e0fef59.png,
9c06a9c6a44aa3e8a4f2f13e1b15467a2184ae24.png,
9c1ab8f5b25b8c2fc332c7586d1a8d894681698b.png,
9c5835223419055c91c5a7520b4a62e0926e3c17.png,
9c826984e4a158c5041a49f334188975ede8d675.png,
9c8f55125f3c184bf6114aa464242967380297e3.png,
9ca22c8ae606e17dd1b1ebe1f59db28d79431990.png,
9cefba617d9cc874fc8e4cb1778eecb57c5b949a.png,
9d2bae66c2af1ca6b9c36317be9cc6244a5f6e3a.png,
9d4e46d45021854bcf9ca81c5c9be12c064b7f24.png,
9d907dd16b4a52c34343ee57075ccf97fa17b087.png,
9d9382404f4ba0d8c902dce311054cc22b8593ba.png,
9dc7a990dd78ec38473c63d1b17e26bff8dcec40.png,
9e10f7eea5916a1d6ee284b506f5f4b9818334f3.png,
9e2873fc13fabaf7ff11511f44c88c20c14a4ce1.png,
9e3f7240abb6c320572883a35fe2239d397dca56.png,
9e4cca76f4203797b45d8a4cf7e658e5173a97e1.png,
9e9b46348770c4d12deb0119d9a1ee5d461a843b.png,
9e9d3f0bf386ed19752a458c588931b3d1c3bac4.png,
9ea70df55c913c1255ec5158d9acd28041a4dd48.png,
9ecdba7c00c1981cc556de4a2c4d83b5bf2196bc.png,
9ef2a2ca5cc18b2823cd79ad3acfe9e85d90120a.png,
9f2f3cc4b3f200f598777d5e39b7ed0e1b1c78a1.png,
9f30e3deb24c6a1e1d9f9c894839ce496bf8775b.png,
9f8c243dbea0f66a5c33140485aa13f351255e6f.png,
9f98c46f1b4b6dd3d734e033b93f715492c5c78b.png,
9fb2e92b84c540b774aeb3dc1b0f0665d1d61e22.png,
9fecc5dfda9e5779c00b35e1033f512e8f1969bd.png,
a019ba5f948013d411d3d06fdb894e110c67c07d.png,
a0367b03ee2f43db8a8cd930ae63c0bfd6adb8d3.png,
a03901fc00ca23585242e29d14558b842fbf60af.png,
a050be326aa3cec7bb0095faa15eb721abe29fdc.png,
a087cc6bbca7e8d66beb43f68ed4fea61e412621.png,
a0ae671729029a9c3638e76663acf2399850bb0a.png,
a118ac76e8cbcd539cc33033c3c06c649882be0d.png,
a13f1c09fd9bccd02af3b33f1d7e95eaad916cbe.png,
a175aa74880c0c85cd686394dd59005145164fca.png,
a1ab6158b5cc3f8323c6fc842c3af2f4e87c90c5.png,
a1bc79f420f8e0a6d08a9c76e5076bdf9a01f582.png,
a1bf845d96c8b45103c06879ff9d001452d01f16.png,
a1d2bd108204f75e0c052dc33a7d33401c23aa83.png,
a1f16c75e33b4a9fb51bc9975fd6d8b02a765542.png,
a1f3487fbc3049e9b5d0ec797778ea4c87c34c04.png,
a2399bb0011f2a7fe66983d240c0634a8b950abe.png,
a26b13c99f7b398b920250598b52a5c3ba56deb4.png,
a26f90cbedf4f365740facef51a83d52d0ebebbb.png,
a2ac112ad77330f73d554c770d42a7f5aa06d960.png,
a2d13a038712f760f0c55397af7da41ce6b47215.png,
a2d984d6e986477969779ba72ece351dcaf5e007.png,
a2f0f2ca3350afbc00c4a4e636a74d9c2a0e0544.png,
a3054969b72e74ac2b1f5b9f9455854de0f80d5e.png,
a31d74026429ffb4231408dd6ebf03d37be4ba3e.png,
a31dc635e5f71ab865993a28168ac7922857c7b9.png,
a32926db7dcdca94ffb66dc36d76296d43edd74f.png,
a379c7a4f6d4669b79566bdc7654089d7303d4fa.png,
a37f871a5a2cced89bc18ad0dc90fb433b77ee6d.png,
a381390348fb4cdaab97f23a15b6a234a11a2a97.png,
a3842a0e3fdcd5239f4697416062e17aaa481a8a.png,
a3a36814f8ceae766ebe5efe2f3809afcbaf9817.png,
a3bb7113f3e614b3fd5832d22df825b2fae54964.png,
a3caa5a8e463098600cad2d3e9939dd82a9f4236.png,
a4eaf6a189a0d5f44254b3ae5a2a97eaebd21cb8.png,
a52533cbec028578c8cebb0265fb16713a239936.png,
a52eb6d4a3fd62cb24f1570fb452d63a900e80a5.png,
a55d69a245f182978c0279d4ae1390947d8a5580.png,
a5641945f56d24be7357ff51f29e4534635e050b.png,
a5a0fb84584fa27d7fc35423f7a8ff05a1f58fad.png,
a5a402b32bd14d2341b707f939eadc174b2c3468.png,
a5e186e6ac1ed6cde371cdd9ed0c0b62e3fbf30b.png,
a5ee621ce48d2127ea42d4262561355a7db05dc5.png,
a639e3c13a6e1ce926e837cc9a127dbdeb328b85.png,
a65e641d24b43fcc5a6965e7b656cb985a684ea6.png,
a69f52f6e0b58ec0d22ed9460c8c267cc6dd7385.png,
a6a6e9223ce5ce24d4078d11b929aa309025216a.png,
a6d0371d7ec864a189de0660ef7661e8039beade.png,
a6e2d7a5dee9812c367b467b43ecc989e2280208.png,
a6ec489f786485d7e52328e1ed807bbbade0f517.png,
a70db59e0cccd260fb63844e763919305ae6026a.png,
a74163bdbb83a40b2f9b8005e68e754f81075d7a.png,
a74d84460e2ccf4003edb5321c7cdc8187aa2b6d.png,
a7727718d90562f32fe97df77614ff7b2e6ca2b0.png,
a77bb912eb3ae38501a5b1dc0140cab181289e82.png,
a792ffda88e30e49606c4549da53c8d569be1b95.png,
a7951b5fff405d4d6415998c8891106777f28348.png,
a7a828eb801c671aad388ff36179348ffe8247c0.png,
a7be1f0b62ac612a05ef4ff7e3ded4df6d9d4083.png,
a7c036f14aa44e83e33427f44e795dcb444e2516.png,
a821e93377ddbf4fc4b56ac059deb5610916d320.png,
a84bf4c5223adc76224f5e65525892fd363f60b1.png,
a8825b1092a092d89e69eabd28468afe4349deaf.png,
a8863491c3424917613aa7adec9eb92a06391626.png,
a9018b8973ab64a5080fd9b0232480a38c560722.png,
a9534e2aa3b6c5d50976a44f38dd2f6aee6492fc.png,
a98851d71dc809e0a3d66b857da4d8ea2c486054.png,
a9df265193351cba1a9b5c96ed8a9306cd73f382.png,
a9e5e2a73cab0b4508085d36ba50b098749d1f86.png,
a9fd1978b4db73b4d8506fe6243bb1c368692c4e.png,
aa5d6f99aa409da193f78daccfe68699efd45171.png,
aa83b960db15d6624013c3cae04f7a09ffb211a0.png,
aac92dfdc8512fdddc73bea690663ed3eba7c418.png,
aaca4138c8fd3810dbe579ccf3cf34495ef25be5.png,
aad1325618511cf5372b58a9ef86de3b5d7efd5d.png,
aaffc1a7cc66c69b98dba56a69a0848f540178a5.png,
ab03407fe415569cd7ba02bdb8f31b9740dcba0b.png,
ab1244b1b9a077ac0495e30298e8e1090051ffcf.png,
ab27b39678dcad486386bcee980810b047f50de8.png,
ab2e148ab8c22ebc8aac0d8daa3245746f62de6c.png,
ab96e7252256b76dc10db13e6879b4ba908023bf.png,
ab9cb75dc51686894687dcff399e03fc0e439ef0.png,
ab9fbb7fa66aef2867ee8724159efcbd0b778594.png,
abce29e1f6108ce3831f89c5cbaf33a8e6303c1e.png,
abd93713673518dcb3a41ffc1771b3dea406769b.png,
abec8383f7339b887ef2a3b0e27bb96a4d605483.png,
ac1ec5d5754c7b2a2665b3c7e165bc206720618b.png,
ac3c3a53c7fd4ab2569d161fd3a0b664f3aa81a5.png,
ac69f2c00f94e267dfa70d7f36ab9fd8fda9f06c.png,
ac863bee66ac7fc01c6ac987a711d52485193a43.png,
ac8cc762c80454450c8c344738bd8203d2c6a43f.png,
ac91cdec2e07d9cbe8644db20f4d4be2dd726860.png,
ac96fea5298e3c6e68ffc85660b7f3be75d12636.png,
aca6b1439357e4cf5f35c71e0a544c41564efcd6.png,
acb9dc9c9f731120a1ce086dec16bc36697c44a2.png,
accd6aef8cecc0421c328990a629e483912b7dcf.png,
acd6e4aaa4cb6c36e4c08800e0f507ab71ac70fa.png,
acde89a7a49c445325441a973515317ee648995b.png,
acdf6814751ae8fe567e87e9b71674ff1a78b7ea.png,
ad12c58c9e0e5ac63dc032d3a8e08b30b7d69b6b.png,
ad3cf56813133fdcbb5a73eff8a0d2e3f3f12859.png,
ad3d4b67addfb287529b87471e4eb5f8a2db88e8.png,
ad549086838394f7d362ef4013ee9488cd1d3a6c.png,
adc5aa1b7a0523f7cbe2937d1898a974413b59ae.png,
ae305438f8980141a9b915ff31c768e5a1ffbbcf.png,
ae5080f70022fe764576450e13405bb9088c95cc.png,
ae7e86e53b432d7338138604716abbc2ca3b3965.png,
aebcd99816d63b610110f7e08080ca932f304393.png,
aecaadda0c64f176e5d3bf591657669cf4ad53d2.png,
aef62350e3457d74ddfabfb0452525ca13b0049c.png,
af00c227d52796503a124528f3df4dadf78f49d1.png,
af0358804d56e79c34626267627012070544ee01.png,
af4c0342e563e1fcd017d2b6cd6b15aa0d10a797.png,
af57675d03abaa1ce2198a37f1c5810cf4107bb7.png,
af5aee14d0356699cad1fee90b5097f701d34723.png,
af65b21cc5de3ec0d13ef496e804176e80fc7ecf.png,
af680bbfa5d14a711791b58e338b8efc72f2d9e2.png,
afa304e933fc1b7a98fd960c86ec580574eb42d4.png,
afb03145da2bfbb1619c8da714d5f7bf7915284f.png,
b04c4cfb50bf1476a0b94d1b4a1755f9252f3ae8.png,
b06bc51a3d7c3e018dcc29aa64ce925c17862f03.png,
b088440a174a458fc37cc8ae9c6be8446b8d5ffd.png,
b0c4ee92bf6b5ea539b122ddc063a5fafc2793b2.png,
b0dc08045abc8dd203d4233394f13afd39dd8683.png,
b0f52c418d93afbb35e995ee852e3ad36884fff5.png,
b10765a9fd01953e6cf9e21dbac317cb7d51e423.png,
b10b30195ff9319e621faa01365318d5bc9600dd.png,
b1293c16511e4e880a67c2b9d8cbc80024e48a6b.png,
b18cb7995fe69b619386b22f72f1a3914b1c17f6.png,
b19776713ddd48e4bab820108a636a98df0e8db8.png,
b19b15fd2f09496f5e50b82d34ed731f143b78aa.png,
b1a736d8585e6f774c77d9d4af2f1f583447bb47.png,
b1a83dc7e549abf27253f87098a1a95e71fd9748.png,
b1f79131b2af804b2a8ab417838786031f245f22.png,
b204408b614b7c0bc8a35139a67e1506ce332c5a.png,
b2097d88439d6f7510fd131466b28b8a2ffab8a8.png,
b2149f29901cf4d339cd11ad05726501ea93deb1.png,
b24064ef1c3cf9b2efd670b764b4b34f8d6f3d31.png,
b24e67339adcafcd70b5b54305cec4bc99410996.png,
b27e6491dd26d22be0b6f917a58ff8f7f8f64fde.png,
b2a38a55642067306dfb133018680c63a1f6d6e5.png,
b2b0b7e03c2d301e3868bc08b501e0a16e87122e.png,
b2c5b6d0b202fb6e49fdb736312d7ee82e5257b0.png,
b2cdb04d610a30cd78c5347aa37f9fa8428fe7d0.png,
b30966f3b580a435422a66f704f939429a03cc02.png,
b33a51b92a57c752d57c05073421523942bc7b20.png,
b35a3ff2ddff59a627cfa041fa86c77f595d5a9f.png,
b36514ccdfe1dd52169fd490528140c793ff857f.png,
b378556e8bb6f0e10d2fb8058f09f36354c7d737.png,
b3b8046dc7cfcd52cc64e9869b6fb36b22ede005.png,
b3d7245046f9a2acfa0a00d2e36143b80ca99dca.png,
b40f380d854139774da38cae50cc2220eecf1d8b.png,
b41ac884de121931323b6d0716eb620873e36613.png,
b4379143977a82ecf476e4d291d086df28818519.png,
b45513ef51b33fa078d1656ee2a65005107fe69f.png,
b47fe3cbe7208d5c0a4f4b8d35fdc1d7ae7b2836.png,
b48b133355a5d75f4b6bc52850c21527d1bd8680.png,
b499392fa67d96733071a0fd5529ab3623534643.png,
b49e565e769ca0ce154ac68f3becc7eaa59c3435.png,
b4d531371476e3d0b66ffc90386e613bf5a86ea5.png,
b4fb28d0272ed84ba7ac5cc265d86a94b8f1e116.png,
b5053a347460536b91b282e174685f00e491e3e3.png,
b5255871a8cc1dedd60cee9e2ec0ada76003e1f9.png,
b542a5e3491837182290e46a90310806a8bc424f.png,
b54ee0ef35cc9873031d6d29b1ef086291509c8c.png,
b56d9d0eee09ecd96955877df3bf6d1f33f7e602.png,
b5b1d4a150a7887ed33d4793cd94e5c6a5586032.png,
b5cf7805a349124ffeaf89be6af7a5b0def234cd.png,
b5d6f0ad01ca4d7f0a1e798eff23a43ea2a3a3a3.png,
b5ebc527471b1d546f11b0bda5373b310ed6f8e1.png,
b5edfa3fb017e43978f963ca024ea1f9e1cd14a3.png,
b6578ae372b6e872b3a236f17bd983241456c281.png,
b6c276ccb1d9003ea23af7dde802871b25f903f6.png,
b6cbe0409733e2e5959f3be2a0b56ef9b60889d0.png,
b70a3666a167e1b6e333c62e74e06a278afb21c1.png,
b740614b8300047daed2b43ff637f86f952c77c5.png,
b74a1624d9fbd32465cc9e9feee205a3c894e1de.png,
b77a55543645101434cedd1918a36ce3d6bf1f96.png,
b7801e6943d953235d27ae9933940ca197029f12.png,
b79286711b023db2b863929be9c8cdd4c11c8834.png,
b79de672120acb0b38131b0c546d05a5a248a053.png,
b7ba12eb62b6e2fffeae5e4a84ff02ce03f559e0.png,
b80daa7bf2c7ba12afa65da4e5fa01ae66c98a7c.png,
b8173399938f8d5a846a6ad4527ee268c48b98de.png,
b84550eb5c027cf152c1148417d3422bac009e3d.png,
b85644d7fffd32b0e77d6d3b0a32548c82464d5d.png,
b857f03d96dc88ae294675cbd26ff554a29e5df9.png,
b8b870c036892cb9a202aeff939701a127009650.png,
b8c810198a7a3a38cbc7225ab115cf64162d6e9a.png,
b8f990376a1d1ff27ad982423a4d40412a61d8d0.png,
b8fddfb78d419d6f1ad2a36b1f7f87322daaa2b8.png,
b9055bc314fdb4aab88ec4b630743035bc9c00b4.png,
b940f73557e991d27bce75dddcf5049fc530cb2b.png,
b944c006244f41ce353daf8f57f8c7a3fba659ba.png,
b9495d571ecc575a6a35e1843b531a835236c1c0.png,
b99eb0ddb75392d302f7999703acb825fa80d87a.png,
b9a7e3590da05d13c698b39546864d8e2d997ef5.png,
b9b0980c72fbc1dea2cfb8ecf59e4ca9a0d08dfa.png,
b9c912562d5051ed9bfcccfee6d5cd59e6300d6a.png,
b9f3bce55944a68330ce5c6bdf007fac5552ddfa.png,
b9f9144095ef9ec6080a01a54071ec584b60cb79.png,
ba04eeb5d23508dc98b7081f38a4b15151aaa8b2.png,
ba258f16a9fd70bda89a2fe6972c5f2a178a6dbf.png,
ba3f7233b0b6e4dbfdf57e320939eff68af49a32.png,
ba4dff69764defb7a73531a74a6109b6e4c38701.png,
ba7af34d618c6e34c59d955ab13871d95aad69cb.png,
ba8837928558fcc65854ddd2b622e51f68439090.png,
ba8c13943174fb0afb0d195e2e7c76fdf065ec5c.png,
bacaa385e601ca970948be37740985d45a1b11a5.png,
bacc8df969d1d5696d432c8037cc608b5de2d0b2.png,
bb10fb8d3210a597e8e72795a9571246c17f7008.png,
bb15a58e4b3beea6d1c7fa275b7f2d3e062eacb7.png,
bb45c4103d315f8a991c9f04f91d089dbb6d7ffd.png,
bb4706f8a84119ab27d6e386a487ead6e9828f2f.png,
bb8153dc29d13cc41c32345cd064995d7cf5d1b5.png,
bb9294b946f5a2f5b29b2b9a9d8bcee3a031e5a5.png,
bb938280671619b187bbc8454601b5483568ea78.png,
bba7c758764c22494a9f38a5a4a34430e0ea6037.png,
bbc9db707ad4bfd2cdc2e7027e5fcd03e17d3088.png,
bbca5432f8cfc7b1d2fce545a7678f87ee5efb60.png,
bc0329aafbe7324c58419c6e7c4f2133091085ed.png,
bc1ea58e72061d99fa45df142de7ff0191cd9eda.png,
bc2c88fa423c572ded7a9c203e043ff678862c72.png,
bc976613ed58b78c7238059534e35b0a150f456c.png,
bca98b9f4ceb147b6cea6875b626b5d82aa4e544.png,
bcbca450c865b8550c83f3772c70eaf413c68f0a.png,
bcc0757699764dd1f4ca2ffd7e86b8dd7ab238bd.png,
bcee8e9dccf69e6f26295bf81c21367c250242f3.png,
bd001d2684f81b936f4cfddf4496d844753fad4d.png,
bd181d461b086d21c50a823180d49b7d1c710e7d.png,
bd97b8a00c55cb4f1191c174792cffe9d51e43c2.png,
bd9ce7966bf9eca6cfbd29a6d31c6809ece26031.png,
bda003d635e109d1a4063dbf40d2366da63d4dec.png,
bdb6b23ee9ce1fdf8e34352eda65fc10ebe51e2c.png,
be453989fa9f1f474b51e5944afa21efeef79d86.png,
be938290361b5a9221f8cec8432beaeaf5dc4f9f.png,
bec350fdb48816736819cc0abf87cda16ce1dc82.png,
bf08f5ac3d1d1de31ff8b2cf9168f62dcfea25b5.png,
bf1d0ac37a580d343d55e4b39e246f8c6c08afeb.png,
bf43d925163798f76f917b2f2cbf315d33e1a5a8.png,
bf50f5a18be4c672036dbb4054bb396d2310c88d.png,
bf6703277de5d288fcfec478b20e88d165576d9a.png,
bfb113515941198fcd96f92a4b25c8b5299b9bce.png,
bfdd4e53329c1441fa419d26cd53e6e3233d586a.png,
bff22eb1dda13588c5b74730ddfaf9064f3a2a04.png,
bff6682be8da909c4cf58e009aca93b0b473c075.png,
bff830e506927351198f562fc8dff5fd41f666c3.png,
c011a4bfb1b5cea8f869e2a9c66ff7172847ad48.png,
c02766ce7138e315d6312cf75f6c6e9bc1f9ddc3.png,
c0341bbc24e831e2ac86ffaad371075aa6a62dcf.png,
c06c6817d8ce7b4c2a8c6252d4b0270a1e5b2c79.png,
c076118fa2cecb436a283d1e0780474de95105e2.png,
c099d41333166b10a4edcda2249f18e2c67bf48a.png,
c09a7e6331f45af9a98fc6c3a4d3d6e206ff9e9a.png,
c0c9f60f2991804a4de72c75034bb64dc8dee09d.png,
c1315eeac73771ea608e26e9654698df7ebee26f.png,
c144fcafe99acb05ad32dee14244f936aaf6f685.png,
c15be9bf97a0471ae58944dc8166a2bea97d894c.png,
c19f774b50c3d96fdeccafa52c46170596be6e46.png,
c1a26f9e5a5a7c5a909c6f255409792c8d370cb7.png,
c1ad0a4b21780953db74f09cff111af28ff00ba2.png,
c1b1d1c9cca53afafe9588a7a1b5802ce8a71132.png,
c205579c7bbe623ce0b20ed1e63d34a36830a765.png,
c225b30e2e704076acb197b2f8dfaeab6d26b3e2.png,
c234b88eaa0ac09478be1a37107d7bcbb3f29e95.png,
c242901fd25134500debdb4a6a62b86c97cf0cab.png,
c27d4b890521dd3c4eee2061833242e39bcb2322.png,
c2853835c471200993b61990d0e46d381e7071c4.png,
c2a39928d265bdadd4bbce16ecc7d6920d6ba2eb.png,
c2ada29cd445573a8d68379888e03bb9df5d00df.png,
c2c18de1888004a477f990de5aa127a530febfad.png,
c2c94c122846f55133ffc53f9263e0f2ed7ec9c1.png,
c2cc914c79553456c56bf74738edbc63c8dad291.png,
c2e5a7c2c89ba1ba78247be4d44161d4fb49b798.png,
c2e649aeffbdc4a4a2295e0f0cb384e1df42edb9.png,
c319742d2d0311abee8fcdc5df85149d6654e6b5.png,
c31a37eeab9439eeb2573ef4a2fb3212cf1a8ab5.png,
c33865f47f06c7db8362abf03a277851253d4a46.png,
c34e04187db9b5d15598d0fe7617657a7b209993.png,
c3946e4b37ba31258516863369fde7b75ed56ce3.png,
c3cd41ec9a9c19a575bd843bcd737e3f4266b1ad.png,
c3ee0c6c162b16ed94fd4e9195681c2d88c325aa.png,
c3f193bd81d32f7a22b4913b589662150e3a0dd3.png,
c3fe4999445071789627fcdc643c04600224a1e8.png,
c450399ac28337f8bf4615b6d8c8124d8eb20eb7.png,
c45e97bbaab717339d159b0f5b0602663770fb21.png,
c465e59829f15d57df2f0bb6a30db83f488d2a95.png,
c47ac2a3b5fd4f98700407ab687d699acb67faa3.png,
c4a61d384c03c99f1ad43b88a7e765e72b2ec75f.png,
c4beb13c492c0c57a0c315d2368b1decd8889529.png,
c4cb0da7faf8fae21e6d50eb4c64ef734cdc4f18.png,
c519e21ec8badd2b706d64326f51afcd72c6d551.png,
c521b9b7843be19dad260851012eee05cbbf16cc.png,
c53ee2e0301422229b6157842b80c2a681e75f79.png,
c53febf604f30239fb8fead44c8c74c5d5d4b381.png,
c547dfeedccd69c3e52ea72cfb21723786ae8c09.png,
c55066aebd89b7ebb08431155defbc286160a301.png,
c57c64932166de5ccf6272fbe8da1ec2d0d34e9b.png,
c587c1e90e77e72703348733527ac148032d29e3.png,
c5badddac4f4c153e9b8a93be096cf63973c98c2.png,
c5be5613de72fa48e7aa541d0294dd5857f28da9.png,
c604b1e5d6b9b8cae955b9f29bcd07612eba80b7.png,
c644f365c93706ca157869f6f2c9c617d00ff911.png,
c69c5199d25c02e75feced3ff2c8881c1026d93a.png,
c6a3d5603c179ee1587031a04c2379bc02dd6056.png,
c6b75e319af8e0d5e546d09396440abbc02a30db.png,
c6cbb3e6efff280bd29161b0af724f14e453bdc8.png,
c6d24b8bf5eacc84f9d2f3b7563b2f4e11aed4ef.png,
c6d3fb0d0e6ed1960063e4ef5efbddc8e53dd0df.png,
c6ff913fabcfbdead8e4d2ea72ee1c539b78268b.png,
c77be9209839434296e1e9beacd6f2d23359269c.png,
c7899fe9985c9959a7fb9601e09b48e6fb9ebb77.png,
c78fc1aec7faac07150cdbed21fe609f902f66f7.png,
c7a3b7e53e542f63def2e9b8e8e5a5d5562844e3.png,
c7e6788e5554e46c75bf921c2699f2e3f186bff4.png,
c7f4d638d06b8ab1bca130975be7fcf3bd4244d3.png,
c7f736f6b26eb0999f49ca42cadd5b548aab1eb3.png,
c8157f662cce851363286f3d10724ff8f5372a2b.png,
c81a88009e10c5e83e7f55e11d56ae9ef682ea4d.png,
c81d45f5c2d014e0a8094083fa93b171eaf3e1c1.png,
c8455406950e0b3b657b8bea8b5147e24e388762.png,
c87678f7372fe94491654505bf2065aa832334b2.png,
c880fa73f7aac0b6c7766389d08fd911d880d882.png,
c8a74cd53ebfafd0e2658c47b3b3f982e255e2ec.png,
c8d0801bd8dcea9311b603fb56e3be285f83a4c4.png,
c91a80efa73f1438afe2030ec613d794dc957ccc.png,
c92684f749f1d9dfd54966261b63ca4e183a6096.png,
c942aab848b4f56953c32d56578a5420245fbd80.png,
ca03f47f23e1495f57ef73fc835a3cd04868fcf4.png,
ca323a81c12af6b15b3a57d0df4aa25f086c8c0d.png,
ca4ac9b5a2da1b2d7d4aafb40d45ac08524c4368.png,
ca5186f3ba8f98e098004f17d335920270b4d240.png,
ca623b3c43459ce3d7fc7fd36c233af4e57555ff.png,
ca69ddc39598b02081408cb57178b654b1944a4b.png,
ca865a9114008bb1569d480eb76ecefbf6c49287.png,
ca947b0e35ba7c7f99e8383ffc50c23ef49af9af.png,
cac99d88b98087de6a4f73925ea8849eb30d75e5.png,
caea10c23a4deb855ead2d56d679476724ddad6e.png,
cb0f04806d0b527235ee20b3d3b7bc7395b8259c.png,
cb3f35bdb28be23d1421d2cf0294ba03ec486af7.png,
cb62b1744df7080f70ab1064d75c5b5ac47803fd.png,
cb6a2b9eb064812c65ec5172b56351994e946777.png,
cb6fdaceb6b62bdaffcb3207d6228e274120bd10.png,
cba857c72f34b34e48026fa7b54bf036db650abc.png,
cc03ffb5e38f68f5984f2765f390531a023b4ee9.png,
cc0871cb185f78ae596668c1ef0d61f2bf5da9ea.png,
cc12838269bc345e6a03140506d1a17bcb721474.png,
cc51573a1292312d96403748d4e86514fe234dc9.png,
cc53f67a813a53ff6e42b7b382424c1b2cd5f389.png,
cc7285a51f824fce76c062f5270305e13d9ba15b.png,
ccf4eecb962c1e4d2b903926710620b34b87008b.png,
cd658baa75c8204c2634f070c0d61bf1d59eaafb.png,
cd66a454e20fd8bd738cd7332c9463e952e4c0a5.png,
cd727b02142455d13c309481fb96eab53039fc7b.png,
cd744d5fd64d7585d63cdc53824036351602f73e.png,
cda56f4ca30dbf946ff60f749d748d2d2264ab8f.png,
cdc6c0cbcc3f3c371aad597614fe59adc1749455.png,
cde7117bac3c8c9d9a012f4fbfb4890b95096371.png,
cde8716a5593b9efc8e81176adb14f4b17d91529.png,
ce0134a45063b56252c4ff9a880b21cd19f332a8.png,
ce2bd31f05a479ab76b9c6294e0f24d2d6c919ca.png,
ce339fbce235f935f21973f6685e028fe9381b55.png,
ce58bc49fe878e1ab00f2a68b10d469be6a1b6ae.png,
ce8b43ab750843b46f72851efa4fa1f86cc67f10.png,
ceb8766aea4750632734286fda1b3fee5f5f260a.png,
cebea24a7da122d271283956793b374d400c18c7.png,
cebfbdc373a3f89354cab105348164d437f4ca37.png,
cec25eb5be7c516714c6cccd28d74e8ce9a25e57.png,
cecaedb3c4f86b699a38c3af49519a57b59020c0.png,
cede6b0e934e32f788a92d142a0292d7854d36c3.png,
cef70d830e9b7e03dad93270e5a5b8d767e212b0.png,
cf36bbcbaa5b85f9ce1a1583a1cfa6c5204e08da.png,
cf6c2c6a5ea9ccb53cc455beaee0749247d99150.png,
cf8ecf42968010628dfa0dc3d9ced0bbdd633229.png,
cfc2db6a6283dd1ea2f13f3cf5a1f65463729535.png,
cfc5e2914d9d191cfc56e37b8d76347049410ef0.png,
cfe7d754de7c1114f4f6518bcd02211863dbf61a.png,
d004c95ebe99ab94b51407ea155a02a626e3b88e.png,
d0158f63edf803a3c3c0a291bc36968f5e4b605e.png,
d01c1fb7e1c5d4d3a2da17c215f096da464a7f10.png,
d01c2899661d4729878e162d3ba4b328c15915f8.png,
d0313820c2b2ccbfd17da4a035fd2f1d1af24047.png,
d065d706849a56b30e35515b612a63f44269daab.png,
d06899ddc9f7d0bee53e0e66edb81a525d089bc7.png,
d077e6fac42cef06d961f542be3665bdbede88f3.png,
d0822181c2141a16bf919532bc08544633d68007.png,
d09edd553812eaaa92adce81c0e1f847b738ac5f.png,
d0ac46490201935ed25ca5824e3000115a57bdbd.png,
d0f480edd22618fcaa26b39c179667f6c6701038.png,
d0ff1d8d941e4011818557bda0ce0456034175aa.png,
d1051c458a82143dc15e5dd7e77dd1cd8934b78a.png,
d10ae17f42eec8062fc717daf3b5a2c5a341a2da.png,
d1247d1c47d49ce08242700d4a0827378abe6087.png,
d12e5c6c8bcff64c6ce50dc137289db5a44f321d.png,
d15f1517c3b0ee4f2f2c2f3ee694ec7c42c78c31.png,
d1dfd1488b4e4a36d7301bbdca2392d5bd0ba2bc.png,
d1f12afd4afa95866a42f0d1c84a3bc90e87dc41.png,
d20aa9cc9a5f91fedd7e33eed989b546d13a1052.png,
d21255c5c0fbe8ebea43b0925e65ab00d2d52932.png,
d261a426b9e8703360f8a0c7fffdc3a5bc8cee43.png,
d273d66e9f94c2e0fdb01c2abf6509b031f089c4.png,
d273dc85f63eceb8fd982796c9d6b42da8d9dcfe.png,
d276e6322aff83cc33e4d3c0c9bc27f676d9a751.png,
d2832975c62fff732979aff6068cc3e355217165.png,
d290454b98ec68947af5c4ea2c133f9d7e5fd45a.png,
d2991cd35eb4fac5ef8a263ff1f9fb7957f90de5.png,
d2aa9c8fa89517f7bd123abb195c0d0ebc4debea.png,
d2c60ca2485663832802627bbd5b03012ff8e77e.png,
d2f873fb8c356e57c7f5abcd7a59eb711b5ef1fe.png,
d324edab141bff4d82a59872de67d69ac457a4e3.png,
d337ac418e9442f1f0f0e9c3a80aa5a7757eb4cd.png,
d33a366b5262d3a01242b94c80f15411319bd8b6.png,
d343f90a0bd22c08a18a7cb23aec8e834875202a.png,
d3527f8e9b0826e6f0eccf1599407d8daaf7f84e.png,
d3640b08def899fac4917cd05612069d74415be0.png,
d3769294874faecae3978fb779487c3b851e2b75.png,
d3a83c2b25f304d1987c5c3fddd501d2e11daa0e.png,
d3fa7e5e8b8b9418d509902f4d55b01d3889836f.png,
d41b28ac1d075199be2c9a5c38df0ba98124f3f5.png,
d43f54640e37e1022ae565f0f973388b494278e9.png,
d45efef48b426b2ded270ed7db44048903cb2393.png,
d480558e46634dc8ce7abc217bb2dc1dc571daa7.png,
d48450a2b8f820d2adb683b14005ba6b78a56a78.png,
d4d2fec859f6bc34376992a43645e2958a10643e.png,
d4d436225979ed65770a03ff4fae987c1cb0c769.png,
d4e1c0fa9d41ac4cae127774bb3251edf2d68d36.png,
d4e88f8984582effb15692140bd7eaad0842a505.png,
d4f40b4874cad4e205a162aaf95e5068ba3594c0.png,
d515d6a7e3a0c16f1a71bb15fc63c791b11b53e5.png,
d553829ecafb24bea34f66c430e0c7896b4f574b.png,
d56778cafba80e781313e33a734a2f7e64819d3a.png,
d5a60bbf1e167c8e18024e97e97435a7dd46b9c3.png,
d5b38a8132ee31a2cdf104e0b2a9c33734ba8c0e.png,
d5e208d454d466caf1bd56c75bac33d89c548e78.png,
d5ed535e1b27d97960e51409f7263ed3d5c252b5.png,
d5f7232c970f4fe8c31424a21d2d878c41c460e4.png,
d603fab2815abbe448a1c7a882f5152fac340bc2.png,
d6220cf1ef42fe87968a621c17ad90905323868f.png,
d632e5329ab09acaf087c5be61eabac20931d286.png,
d645ac3bd8f6f2a45e5de31425270f35516d5875.png,
d649812aac843845f7739b9771495f48bad19c12.png,
d6755528e86682ecd3b6a2eb26f5eff18326c53b.png,
d67721cf2c68c9444ffac0c8ab42f40969286c92.png,
d6871bf50f4b3fbaf1c66109d3f65f49dfcdfbb1.png,
d688e5b16817f665b0139bbb01e87db92ba7f424.png,
d68f1445b3bea2d72e6660242de432e0333ec829.png,
d698383f7217e1f5fcb228651a3a679bbcfc0e12.png,
d6d6dbf36152f529085842e0c6f0029c9ad66f3d.png,
d702173f8734701349e992d1cc414724941f4af0.png,
d7217982ed5395c986a2329e10c6cbc1a324c3ec.png,
d73eadacbe26a348431510aa255f2d86e95a96e0.png,
d78a9769a43960cf38f3eba4aaa2921e939730d2.png,
d79d6c7bebc73672f14f4245d2313fdbc1be2b2b.png,
d7a19f14984b7d063b885b75cdfbd752e9f8e506.png,
d7a43a3ef5fe032456d2c78e2552916521dff7f3.png,
d7cf9a33a7b0230485bfb54fd44c88b7e92591a8.png,
d80ffa43db5bed5fcc0daf9d7f574dd706937f24.png,
d82cf1b9cf0098b11c95db77d50b3ed2f1b34336.png,
d833d74fda8f71fe64b6d781f734d786e2a2da9b.png,
d83a5b30d5d101c22be27ac858f34cf44c12d6e7.png,
d8aa12191c50191c72618cd01fbadd08cf44bf52.png,
d8ac1b282c885efc9a651bc0248da60712880bcc.png,
d8b1d0a85b25e01542941b25e9632c8bf214c083.png,
d8e733773b1a4c75ac50f847da9fc5754781d910.png,
d8ebe7a3b5621c9c500be3793a8886b211310815.png,
d8f6b2b0f7d406318864ae16b9fcb65cd02427c5.png,
d8fde810b4d4c3d585ff4f4516345e70e4974b0c.png,
d924a7ef17ee1619877e8ebcde6c28d71347675c.png,
d962b4d2498618d02d3301a7d4ee65e1abdfdfb2.png,
d997b292f1c6156d95d32ab6101f7a83cc568739.png,
d9c0448d9c4bf448b3f4eb8135c7df69565c9941.png,
d9c34a949665a2cd59cd386cf3d6b204df0fb871.png,
d9d9edb6e33be6c27c7ba741c312be823face8f5.png,
d9e52b86a92b37a6e3584cf9bcc2ba849c6716a4.png,
da28dea837e1fda1e444e82871f8c2be6056b4bd.png,
da3c6d3e5b9c321fbb9221afaadb1ea8d9fc8fda.png,
da6a28bd73118388de905a4aa5539dc8159e0227.png,
da86a7d02a6e1cca503c504fff250c1763fc19c4.png,
da90458d514607a32ccd1c92cdcc8c1d6cb2d73d.png,
db0c3cf84301c36d9804e0131a2cefeef1a9a41b.png,
db404ad17e3711e76c9dc663b671f01a84177871.png,
db6b8b125f4720bce551602aae06b1150a85e68a.png,
dbc9302cf76c305d224aff5386534a8a383d6767.png,
dbd548bc2554d9cd8038091d7188090b9e93e89c.png,
dbd88f17b231a13b88b3619644873b72bc43b711.png,
dbe39cd9fd9b0dc427e3e871095d77d4b99cd90e.png,
dc2934a7d0230852cd0068c4cbd4d3c2021faab7.png,
dc41e000ed09c437a1c3df242a5f440f6f144b18.png,
dc428f5e91509bfadddc2dc6d2906262eacbe071.png,
dd14ecc9ef76f9a402f640a786bbedfc0dc60ecb.png,
dd1f3945494d673d1177e9da31c8184efc60cde4.png,
dd32e51034cf1508bb0f06d8a7e71c835bb8d5fe.png,
dd9c2e67b31866d54d30694a02216b6208d1cb75.png,
ddbdce3ba0223c2ebdffe404add4cb4221914822.png,
ddc80530d2b84d2174b3d67f202efd537818f650.png,
ddf81848682a1bacb82d74a33f74ac6b64c6b41c.png,
de337574b240f98c117513d8f83fa0d0b87ab656.png,
de387aec71f7e9377be1cef62f654d9d70410761.png,
de396b81682aad8274edfa6ba92ef62c545c038c.png,
de39c32b1ef68bd3fd2f02d6bc072767a3e0c872.png,
deac34ad3327adb08577aed70619c325a598f845.png,
df23ed705e0c3cd02f1469cd3612241d46353069.png,
df4436d0aa658c84fa6568433034f7ff22f41861.png,
df4437ce5c974671fc7b252baeef5e4e585cdeaa.png,
df77ad36d072af44d6c5a80c81199610e28e67c3.png,
df79ab4621907da7bf5377a4e9a9b70dcfc9559e.png,
df884941adc03bb524a84756f67b54cbbb2a5062.png,
df8a0ca7999ca77a6db38affea302417d8c9696f.png,
dfaeba3d44843d2b9ad995ed982b70890a8adb95.png,
dfb0fa96017d0139dfab3ddae43220be5d004840.png,
dfc4876674ba985f96bd6cf1c9c41a78018eb591.png,
dfdb86ec684e01b554a2c730202bf7154bc86c76.png,
e01ca7e9cda09fdd212edabe97d954cf7d581c23.png,
e04082064949d74b8a38f3f938b8b989a4f4d3f2.png,
e0470132bad3a8435ca0e03eddd58fa7afa29e21.png,
e10208907a9048d7d63fb10e5f7627fc37f48f32.png,
e10bbee598f3eb340341917a653b367e9f9d5edc.png,
e1194b9eca20d7e8110218ad8e06e2f11541721f.png,
e131f9d4d5d1d84ce8ebc5eaf8b98747033542f1.png,
e196668be6052a48a631f0a8abf1feb69c8c3bd5.png,
e1a0b2621228c0ffecc5d21dad0dcc300abe476a.png,
e1b1eb3ba1c668dc0535a781d2a30a260d228a68.png,
e1c3ce9c76ee6d897a040a0902f1d5a807e2c71d.png,
e1cc8c9f92d05da22f0c73a34ae23170822a9c74.png,
e1d7ef60a46a0b59eb9e02151dc1b4bab321a52f.png,
e24418b7ddc9afc5635bea7ce63dd40efab11f48.png,
e25f32452078e473b5b97997f2acbdb8dfd349a1.png,
e26d874eb5c5d00331607506b4ae29c09a82da9f.png,
e2860bbd220deb711ec570dc71751834278e4bcd.png,
e28bfec6dc33deeff513cf8319ce8b176f176239.png,
e28c62c9a6118109ad38f6bf83487d41f2e8051a.png,
e2b21f2779d066db6d36acd557dd9260ae164d3a.png,
e2c450f7c05e85234207080c69b2fc12a4273d86.png,
e2cec8a210255aec9836ed141f63eaad55db5083.png,
e34a29f43649941dc2de152bca107a7226b920ce.png,
e35e3df64914943badd48f7e8368717c9d6fab7f.png,
e363069004a402e78c6e495c64b77fb14ba748ae.png,
e37e7b48e043fa2a2bc5f871b822d617a260ab48.png,
e3ddc7e415507462fc7e7d45cf162ef26175796e.png,
e3e91d7d07ade4e762f719571024e5e00e9dfa02.png,
e41bbb68d4a7a5792d7c74ab6d53b64fe7866eac.png,
e43147ca6947acffa282e1a3e5edab41113969b6.png,
e49098d3791854b16e9c6e3312b9c9d606a89405.png,
e4986051339ab84cf8bd5ae0128d9353baf5afb1.png,
e49e65b33e31af2fd24037943c1d7be47ab83c28.png,
e4d8b37c010e20cc646a9fffadc3a6ae80d9a5fb.png,
e4e29a0fa656802c44f085faab04726285c7c75d.png,
e52851e83dc61a39016f59c13a1e53d20704720c.png,
e530c35f2c6490ce9da18edebefa189621e182ac.png,
e53dc97f6d3dcdb9be4b6c77704ea8ba54b14ed3.png,
e54c2a3d4d1d1b60ef626897fe328ce3473ef3bd.png,
e57b04addb31a44e8df26489028e9a600c2073be.png,
e5b8a0ab720cb133f599d260aa7dd68763f43f12.png,
e5c7f49fa8102b212dc87b41e85cc06c0495f724.png,
e5f774a517eac577b6bdea1c8f8f5288d9b94281.png,
e60532d0f1e4839e47125e8477605587dd751f61.png,
e62d2d7c83895261c5503e71fab30e1339262018.png,
e64217538f0987a0bfd608a0a55e93fd02068302.png,
e679502586b5616b7b93eec3c962115d96e446e4.png,
e6930204900a3893f8f4cff651ab77cd5376eb63.png,
e6a28e11b6fca0905a47a41dddbafb58485990d2.png,
e6b076643b305a5d641c603b8c762bf0cd6ccac9.png,
e6c5c6ae85d57aa0a0d7cedae98671d2c5324b63.png,
e7036007b81271d4604dc3fd5f7cd88771de5b61.png,
e752a3bb1ea06c213901cdfcf9716a87723bbc52.png,
e765603c40c8f3c4a09e9c9095012070ca0a5412.png,
e767c7492749720542a135c6e23a581f6386d5c5.png,
e76cab5a85f2a52c288115734f240ef210c2a40e.png,
e79c29b020ca2c55e46a512fe1ed3e5be30371d2.png,
e7ec474b0ea511a2e12894bd66bc3b486767bc06.png,
e81a64d5ec628beff7b81e021af1e731116cdcbf.png,
e8202b81a0ae48aedcf09295dcdeb4473b16c2c5.png,
e8307578accac21184e27c9d1f698d86470c6217.png,
e867b21b39813ffdbb718f7a44e9828261fe186c.png,
e87646d39a7b1d05a5f43980d18fe471d12a122b.png,
e8a2114f778888809ac218233a307d1b6018b0ac.png,
e8b5b13ae2ad5ce068334b8fe7e6ff5ec61dce25.png,
e8c230010c84715075c37959356c8920a4962097.png,
e902163b6d7f2323f59c5253f27acbff4752157d.png,
e93fa0389d17c60d1e2200b108dda78f9a7f1881.png,
e96cbac8dbe7383482ed62c8abe19b2402006005.png,
e97fd6f7789377b9ed912b947a294e891e38d250.png,
e9a6ad6e4d8b765bf270049781eb58a57e3bd2af.png,
e9e71fb4a72b7a41fb7e407612bf50bfe668cc1e.png,
ea192ec2d2715d84a59d9ad8af6e7b9953f28834.png,
ea22cdb13233b19a1e540e3d753d6629aa228232.png,
ea49bfa7ace8c019e3d18e57d175eeb32fa8dc9a.png,
ea7bc8ae910a3a544d428e7882aaf7fadf4e4ab2.png,
ea909ed63a6465f0d01fdceec7d7547b68d6dd81.png,
eaf5a4dabb6ddce01049bfea35adb62b62897348.png,
eaf675eb23144735d4d2c9d2955989a7aa816166.png,
eaf705737bac0af264be58183b4e720cbc0c1ad3.png,
eb0659dd66e097df5866e1e240caa6df85a4345c.png,
eb0cc9d8ea3810be00aa11cfcf18429187431e1c.png,
eb27167a07859edc70fdd85d07e5530149fdbc15.png,
eb974f114e2521903d2c0e4789c87aca7ebe70d6.png,
eba7c67ef293a2e10840a610dd78bcbbc9ab4899.png,
ec0aa8321167eee31b351d3f80688b2ca06a2a55.png,
ec4664389f0f7b6a9f5433a78d01902727b12bb2.png,
ec6b4ef36b1f5ce58aad7c025fa91da5a1228db8.png,
ec7753a4cb9726144c66ab7ec6d4f9dd8b9d46ad.png,
eca21cc15b974095530f323a4f793f7409c6bb6b.png,
ecbd7dd886d7d9bd26b7357b20eb7a3b8ebd36db.png,
ecd2dcd2b445f70f06db254148916c835e300228.png,
ed759b8f40f5c5f993ae6698259fe82a63180c1b.png,
ed79a965ec0c01d931f739d88d2ea6e5f85344bb.png,
ed7e036ce4b5c2508195b9717bd303d29eefbc7d.png,
eda535cd5ed05fd0ce901ab4e1172b0d05884729.png,
edbc425a5a7c60e43a3325a58b6fbdd4c975811f.png,
edf6f10de0d84a117cc57f7c2a8e5039e9cc0576.png,
ee2a2732d2ae920756a79dd80a2d079c1a7b1763.png,
ee6f9eaa30da6ae157954b1f69a7fb3a6d8bf394.png,
ee746474deadaee7b6cef2d7c4ad2d055f93e73c.png,
ee79fba631e89eeed0cc4932832de759d01db453.png,
ee8db5bbb50fd541323e42142ae0249d60a5c02c.png,
ee94e9ca5da289ee6c494f69251ce8125b52259f.png,
eeabcbbd4c8b60decfe54f1a32215949d6869b3f.png,
eeadb93f87893b106c8775d8bbe23d17b7c8d907.png,
eeb53d0847c4b723f9bbbe7693f851f6066b590c.png,
ef01e994d6067aa8abfcced1a71cb44262b0dca6.png,
ef08852706fb17823ab615e604105557563e8f38.png,
ef4d40441de4bbb20ceff2855fa3d9e3698a8e7f.png,
ef5566b8fd25b8611184f49ed21bc15f4ab3c44a.png,
ef95ee11f0f1f2c7e2027a95915edb7fd143f51e.png,
ef98a2ca0ce3f0ab56c471c4882fde45c2e4a68a.png,
ef9fe6593333d3debc2a8ec12bb58ce099bdb3e1.png,
efb528d8e84b8abef97cac155c9b45dce7be1113.png,
efbbf856f7e048570b5ba222d16ba4276ae8af0d.png,
efc4c6d247f3f5afd481d3864af5ac2b0c84e362.png,
f0380d0db379c8a6a437f35d3c9ac657aec5898e.png,
f047ffbc217ded54250519a8cfcd62c6673087a6.png,
f08775eafe8a1aeb830359960613681388299487.png,
f0987214e4ab1c04e3508217b9310283e082aabe.png,
f0b87680c48299548a66a5b28428a8a7600c064e.png,
f0ec1bdb03aa848835eb3e05be064d150757bed3.png,
f106384b84913bc0112750a160baa090b6a54507.png,
f10b542d32dde1fec1b60af32ec13ce17526d609.png,
f1762959ff8fc8555a0bfd651c6689c1ec1e0aec.png,
f1c18d5c1c5631afcc4c37468b9d177eb51f3d5c.png,
f1d6f99a38329a3b67e05593d69de61a59172236.png,
f1dd93d527823cb3aa68e94465485c313a1fafaa.png,
f1e571d493ce325fe8cfc5e8c60748a110ef1407.png,
f2074311fbe27432bfb2cfca837425239b5f5d98.png,
f209b0bb786c22085260b8bd4e2ea585567ad951.png,
f24893e26d9fa740078c0692078b0351fcbf5922.png,
f2a53ac4d9abfbdcfacc50c9db38e13cfa4ad352.png,
f2b40169c68165f1d121be10f7b8e99c37fc5550.png,
f2e754bd5948662489b356d1f930cc0eb2b54fc0.png,
f2fb85b397e25ab6a73b235ce43ceed3aa7d856e.png,
f33a012f84ed624390df4f7efe1799e0890989c0.png,
f3570f5529117726fdb460529329e844e3c9afe4.png,
f358dd752c41042979625eef41797087e227c6f5.png,
f36c0f5780042ba56b7258e025bd3066f4e73d43.png,
f37b971899f7a84fa1cbc19df68b3c7df5774de0.png,
f3b5230f95ef08656230d2a8676483d0a4c8480e.png,
f3c249d19e5033adec2db7f06844aba83402fcee.png,
f3d9d050a9d17b3e23ea5858814cecc8e36bbe82.png,
f3f257af832ef6d8202976693b764018646bf7bd.png,
f41425876911f288c18103a5add43370abc09f14.png,
f41bfdc7ccfc173b7c17216ab0463dd67bff5e20.png,
f43f4407061dfac180c78fa4ec4148154de9d7e8.png,
f47fdec2f1dd288a8788863b3bbe3e1c98ab139f.png,
f4813cffc3f1fc27079c8681ce498f3c2a87525a.png,
f497808a02dd166cc0cdfc99001cfbf569cdfe16.png,
f497f1495abf57e9185c9ea7450a7094b77b4a98.png,
f4c9087913c78c08f285fc7cfb6c6ce4097b14e0.png,
f4da7cf8c1ef35b996a1cca4707598bb17511487.png,
f4fe0aec7091fdc481ae7da21e452c04bd42d64e.png,
f50f822b81ba6233d1049152105cf3b6167b9e8a.png,
f53bdd16b7b94450a4e7975f58c73a2fa580c95c.png,
f54d0bc718a112fb8642a24ea69574af0a074914.png,
f55a1019a84a82b713ce81578f7cb8d8d41c730a.png,
f5620cc3e35d103e798eb685743fe82501ea5055.png,
f58d56d727263ce52393f015e1e99245aa2014e5.png,
f59e0cb1ff0195672c2fd58be84e89132f042468.png,
f5bfb5127c32f0050be3a27b6a4a6afe169724ed.png,
f619f046ebe0891e738b89d3bacf18e1db2a7059.png,
f624588ade481373a17df9da6acebbe4a23939de.png,
f66846ce9d54f11c9e96272a88dc07c18f2385e2.png,
f679e8eaf79c7aa5006e14d99ed8bb0a141eb391.png,
f6e51e3d84f4a7855144867d897446d380e97309.png,
f6e61c3298231398fafb33bc12a63de7618ad4a0.png,
f710bcbec8609e321397a25ff43b4c98255e687e.png,
f716d9d7e75441614607f222e2fc0eb4ea16a784.png,
f717ff2b0c9acafc711cba1ca46ca720ae91f675.png,
f71830ce639b43cf53a741697ff2e46eea264e87.png,
f732ae934421ff3ad16794f0cc0d29aeb54bb572.png,
f746d9d18246f0fa0dd8e9fcb7636faeaf863934.png,
f755f8bbf9a5e975f2bb145d07a1a58bf6a62ff0.png,
f7878b612acdb89fd79ec4394d4d2f27baf98c2b.png,
f794d4bda2610afab4821912046588aba803c252.png,
f795f0be56707649085b9e3ab0cad52372982c27.png,
f7d1586f7407add8e05febf5c3f7c1c144fd9ae4.png,
f7e75833c795b6815e55287c395a33bab786a711.png,
f7fce6028ab1c5f1c3eef4abb49075518a3f0997.png,
f854408a1854ec3f6d9c024c15a5ba2fed6cdda1.png,
f854ea33840ff68931cfc8966ffe37120ecf325f.png,
f8bd40d7bb6f48963a9d91d372b6d47b8c5fd25c.png,
f8c13856dfaa5ce4be080bae5850ed3ad9f3fbb9.png,
f901be6acd89fb609f876be2bd1a11e195c91458.png,
f91eddcc90764e75918dcdad0d24d1603cbfa2bc.png,
f923c24ef1f174282027e6bf0ca562ba07b316ef.png,
f94a65555563691aea62b1ec425594052ef6bd62.png,
f987c8ff1e70634725868cb873277875bf9a6c95.png,
f988f4aaf0378f8360bc1bc2ec738c15235782c6.png,
f9c1d5b478e9fe694470b84a7fb6aa8f64a0517f.png,
fa0493cef525fc7006194adf0e1d74a27df8d93b.png,
fa47b733d4459d641a3ab2c7d0225118cbd5ab0f.png,
faad0dbb14aebcdc61b3150c08c02f6728537225.png,
facefbc073919c4bd8926e1a7ab5a4ef538605fa.png,
faf6ac44d84b5810d2f2c7c17895d9bb7114996d.png,
fb02e04fb8ed46e32ef8e1d407229c81bfc301b6.png,
fb3ca902ff72447030e4b73550a7006e41f55700.png,
fb4c54e74fadb4fe827307cb6b41771692e2d8ff.png,
fb51544a86b66e541932a0b540135edcde9285c4.png,
fb63db936b3c3ec1238d64b1bfb432ffe801cfbd.png,
fb787056b8d969de38e6756e5634846a8166f277.png,
fb86cfec4923ba20b30d02966443f50be9116f43.png,
fb992fe69c76240f591f98661ea61c1606bd33b2.png,
fbc4869daf1402c8dbc53a512af8991a8b006be9.png,
fc0f8ee6bbc95cf9699b2fc89db5934ce28b096a.png,
fc154ac30a76ab9a58a613840ea8f1869d10a965.png,
fc305d46d4d732fb62c5f56ad293214049d4937c.png,
fc5e8451847db3f2291f6a8d205628bcf93380a2.png,
fc5ebbda74df82e45fd918a4ae3b750c2b27dd45.png,
fc98c372d30096304625a2bcf9285d988055dbd4.png,
fcaa753d345868b8fd5cd667f26d9f43fb40012e.png,
fcc9d1a5894847e13858847ade0353b76f6ef90e.png,
fccd8bd9b220d1f785c023d7b422a605655d235d.png,
fcd33fe00e999dd91269cf314df5c6e511896f58.png,
fcd8f5f65716e0b56f4e3f482aa06d350fd30acc.png,
fce529bf52a227ee210ae905b9b059cd88a6cb60.png,
fce5a58c4ecb712897a32c396b8c96cbc6a6c994.png,
fd06b36cbe4ce59d8a99eb15beb9276c48d48292.png,
fd4192f1b81e5fe3b5a57bcbcc5ee2b96acf69d1.png,
fd47e77698b3dee4680d30e74cc88c56b1ff3d11.png,
fd6f98e4a93979bea330092025440fc76d4506b1.png,
fd93d69c2befb857e0df00190c9d2ce481e75982.png,
fd9dc5fa23f52edb9f6834fe66997f80c540156b.png,
fda096b0e052069064137ebe9262cbfa2367319c.png,
fde1e39bc83801e15d54541afa800b4a07ccd4d8.png,
fe96458ab13238d2650a8c076f9bc0e8c99b72d1.png,
feb87b8777475d62b1c9f13fa075da8685bb79ca.png,
fee0625bff5cb17df6b89f4c681fd3dc34e82b32.png,
fee275172e19afaa8091eaf9038593a0404b7b89.png,
fefde12df3eae7f35ff4ffbeb15eb94e9e61d4cf.png,
ff00494e897670435d472cb2bf59da6a3906521b.png,
ff04b5791d027f145dc404152e07b521fd8105e7.png,
ff12b878c1f31d34633cf6355c4901d9d96943c2.png,
ff509da2f3759dba9d2cc22f2cda3f760609b2dd.png,
ff5375c6ef97f81288be2ac28abb7cae00606e55.png,
ff6607c214d173b59401b1e08bc8448a8dfa3711.png,
ff7980eb7880bc99da60d035b8ba8815b073728e.png,
ffac54d57897771739c324f86404cede9c3b2db9.png,
ffb523fb71043e88d81279c4cb94fe03f3ab9456.png,
ffe87d2b98e40252aae558f8743ce2a46f7e7b35.png,
fff8ab9fdb0e4beed9d35f06f678fafb2d189930.png,
fffbfc27e55c26ff0c7087dd9c3771144cc25ca2.png,
